ticker,ticker_compare,correlation
AAPL,AAPL,1.0
MSFT,AAPL,0.6036042791125371
NVDA,AAPL,0.516066785883556
JPM,AAPL,0.36212510031160616
XOM,AAPL,0.19764528899856545
JNJ,AAPL,0.148467595329326
PG,AAPL,0.24325910552724964
CAT,AAPL,0.3218631927622853
AMZN,AAPL,0.5507113166325281
NEE,AAPL,0.2640064476956058
AAPL,MSFT,0.6036042791125371
MSFT,MSFT,1.0
NVDA,MSFT,0.6168178002893848
JPM,MSFT,0.31235370930640377
XOM,MSFT,0.07066774835090632
JNJ,MSFT,0.05508701574138105
PG,MSFT,0.16096259154241147
CAT,MSFT,0.26001575746823036
AMZN,MSFT,0.6381878113256502
NEE,MSFT,0.21452166454016622
AAPL,NVDA,0.516066785883556
MSFT,NVDA,0.6168178002893848
NVDA,NVDA,1.0
JPM,NVDA,0.31788683849649263
XOM,NVDA,0.08594997856074832
JNJ,NVDA,-0.09441898383197365
PG,NVDA,-0.002715069656916262
CAT,NVDA,0.3274587556859798
AMZN,NVDA,0.5532561494095964
NEE,NVDA,0.12434487254876142
AAPL,JPM,0.36212510031160616
MSFT,JPM,0.31235370930640377
NVDA,JPM,0.31788683849649263
JPM,JPM,1.0
XOM,JPM,0.33803696337941413
JNJ,JPM,0.18847996970068842
PG,JPM,0.1676452418706387
CAT,JPM,0.5270384829941636
AMZN,JPM,0.34949880167324326
NEE,JPM,0.14953230321676036
AAPL,XOM,0.19764528899856545
MSFT,XOM,0.07066774835090632
NVDA,XOM,0.08594997856074832
JPM,XOM,0.33803696337941413
XOM,XOM,1.0
JNJ,XOM,0.1281939775188222
PG,XOM,0.08189683695256413
CAT,XOM,0.4433557699569415
AMZN,XOM,0.11754230091892047
NEE,XOM,0.1517948444730277
AAPL,JNJ,0.148467595329326
MSFT,JNJ,0.05508701574138105
NVDA,JNJ,-0.09441898383197365
JPM,JNJ,0.18847996970068842
XOM,JNJ,0.1281939775188222
JNJ,JNJ,1.0
PG,JNJ,0.4491577109665834
CAT,JNJ,0.11692554429233613
AMZN,JNJ,0.0011136151122268824
NEE,JNJ,0.2872965526216862
AAPL,PG,0.24325910552724964
MSFT,PG,0.16096259154241147
NVDA,PG,-0.002715069656916262
JPM,PG,0.1676452418706387
XOM,PG,0.08189683695256413
JNJ,PG,0.4491577109665834
PG,PG,1.0
CAT,PG,0.058987714192527324
AMZN,PG,0.07329849840294114
NEE,PG,0.37393879393015333
AAPL,CAT,0.3218631927622853
MSFT,CAT,0.26001575746823036
NVDA,CAT,0.3274587556859798
JPM,CAT,0.5270384829941636
XOM,CAT,0.4433557699569415
JNJ,CAT,0.11692554429233613
PG,CAT,0.058987714192527324
CAT,CAT,1.0
AMZN,CAT,0.2930088446954252
NEE,CAT,0.15129053068066975
AAPL,AMZN,0.5507113166325281
MSFT,AMZN,0.6381878113256502
NVDA,AMZN,0.5532561494095964
JPM,AMZN,0.34949880167324326
XOM,AMZN,0.11754230091892047
JNJ,AMZN,0.0011136151122268824
PG,AMZN,0.07329849840294114
CAT,AMZN,0.2930088446954252
AMZN,AMZN,1.0
NEE,AMZN,0.1976049623561499
AAPL,NEE,0.2640064476956058
MSFT,NEE,0.21452166454016622
NVDA,NEE,0.12434487254876142
JPM,NEE,0.14953230321676036
XOM,NEE,0.1517948444730277
JNJ,NEE,0.2872965526216862
PG,NEE,0.37393879393015333
CAT,NEE,0.15129053068066975
AMZN,NEE,0.1976049623561499
NEE,NEE,1.0
