Date,cumulative_growth,drawdown
2021-02-24,1.0076254691635385,0.0
2021-02-25,0.9854886030865255,-0.021969339555687695
2021-02-26,0.9786628584862829,-0.028743428549199312
2021-03-01,1.0008901640450927,-0.006684333936136988
2021-03-02,0.9886021433869238,-0.0188793617854921
2021-03-03,0.9719131738108528,-0.035442033221263713
2021-03-04,0.9627094297683614,-0.04457612552455947
2021-03-05,0.9786508607568033,-0.028755335482724464
2021-03-08,0.9665813753210089,-0.040733481932132554
2021-03-09,0.9843071468672734,-0.023141854796130068
2021-03-10,0.9909706275272134,-0.016528801768131873
2021-03-11,0.9995571665070241,-0.008007243666847907
2021-03-12,1.0040794953909076,-0.003519138689075163
2021-03-15,1.007083518594593,-0.0005378492163317095
2021-03-16,1.0068350842293186,-0.0007844034895981844
2021-03-17,1.0084378772227878,0.0
2021-03-18,0.9869244258135749,-0.02133344244115498
2021-03-19,0.9833732652451465,-0.024854889471891517
2021-03-22,0.9925826604168241,-0.015722551843876165
2021-03-23,0.9912697199277044,-0.017024506598625644
2021-03-24,0.9865222864820835,-0.021732216962198292
2021-03-25,0.9867768457085132,-0.021479787702866182
2021-03-26,1.0022235104510022,-0.006162369454923433
2021-03-29,1.0044380481622908,-0.003966361390066453
2021-03-30,0.9983421558032962,-0.01001124774021278
2021-03-31,1.005099388939617,-0.0033105542330132964
2021-04-01,1.0174584852409403,0.0
2021-04-05,1.0293411165466921,0.0
2021-04-06,1.0266206090470085,-0.0026429600993794766
2021-04-07,1.0352269607752251,0.0
2021-04-08,1.040541912419064,0.0
2021-04-09,1.0463348103781083,0.0
2021-04-12,1.050106365072503,0.0
2021-04-13,1.0555672998105399,0.0
2021-04-14,1.0500999041575265,-0.005179580358348201
2021-04-15,1.0642045050431173,0.0
2021-04-16,1.06620231997942,0.0
2021-04-19,1.0587053088216525,-0.007031508952177301
2021-04-20,1.0517672144302996,-0.013538805232949591
2021-04-21,1.0563889413964678,-0.009204049174402096
2021-04-22,1.0415142518273053,-0.023155143906075204
2021-04-23,1.0527020985521616,-0.012661969660241357
2021-04-26,1.0543630128706862,-0.011104184343701529
2021-04-27,1.0542533938894219,-0.011206996895512966
2021-04-28,1.054184119586593,-0.011271969838762774
2021-04-29,1.0576997649956483,-0.007974616847518878
2021-04-30,1.0495573560459415,-0.015611449742296335
2021-05-03,1.0511279737099801,-0.014138354407004838
2021-05-04,1.043148967682847,-0.021621930345281926
2021-05-05,1.0450991979807893,-0.019792793171785616
2021-05-06,1.0545954535972155,-0.010886176258206315
2021-05-07,1.0627717299025043,-0.003217578889700645
2021-05-10,1.0535388306229974,-0.011877191710356616
2021-05-11,1.0449108456083496,-0.019969450424269675
2021-05-12,1.0264622467053983,-0.03727254436549032
2021-05-13,1.0365533229180197,-0.02780804028073447
2021-05-14,1.0539062264171168,-0.011532608147523438
2021-05-17,1.0545225650321999,-0.010954539047941192
2021-05-18,1.0426217340374997,-0.022116427154628027
2021-05-19,1.0391677261214098,-0.02535596982993993
2021-05-20,1.0502311572603564,-0.014979485994151442
2021-05-21,1.051257484005918,-0.014016885626163766
2021-05-24,1.063903560903256,-0.002156025205617862
2021-05-25,1.0598627652276749,-0.005945920987929787
2021-05-26,1.0609527932983216,-0.004923574618745596
2021-05-27,1.055159955979652,-0.010356724791201977
2021-05-28,1.0594240097897356,-0.006357433352625952
2021-06-01,1.0588621955059514,-0.006884363629606649
2021-06-02,1.066077648844982,-0.00011693009112978547
2021-06-03,1.0651782083429573,-0.0009605227987896647
2021-06-04,1.0753465345491353,0.0
2021-06-07,1.073717888449725,-0.00151453140646729
2021-06-08,1.0742975186382941,-0.0009755142897084346
2021-06-09,1.0742588256326489,-0.001011496184290528
2021-06-10,1.0753568351065228,0.0
2021-06-11,1.0739825269736698,-0.0012780019505961304
2021-06-14,1.077793406668911,0.0
2021-06-15,1.0765706811498466,-0.0011344711440047783
2021-06-16,1.0755365037627185,-0.0020940032590919255
2021-06-17,1.078847446473007,0.0
2021-06-18,1.0657759910874793,-0.012116129512343088
2021-06-21,1.0777224743548772,-0.0010427536551228522
2021-06-22,1.0865382750122763,0.0
2021-06-23,1.0871351320551657,0.0
2021-06-24,1.0906271088430863,0.0
2021-06-25,1.0900824476428217,-0.000499401854078596
2021-06-28,1.099285107126495,0.0
2021-06-29,1.0991835433458417,-9.239075467770697e-05
2021-06-30,1.1020287409311107,0.0
2021-07-01,1.1067049309390913,0.0
2021-07-02,1.119064324925057,0.0
2021-07-06,1.1206102783943799,0.0
2021-07-07,1.1238176765797714,0.0
2021-07-08,1.1156675991156915,-0.007252134962749346
2021-07-09,1.126481465011729,0.0
2021-07-12,1.1302123671408315,0.0
2021-07-13,1.1259853834103066,-0.0037399906897304103
2021-07-14,1.1256918237089968,-0.003999729221925485
2021-07-15,1.1176277627448925,-0.011134725439056248
2021-07-16,1.103732473920447,-0.0234291306574288
2021-07-19,1.0901349075790234,-0.035460114158186506
2021-07-20,1.1006072194661656,-0.0261943228860253
2021-07-21,1.111886750475949,-0.016214312635103978
2021-07-22,1.114871945112912,-0.01357304385787872
2021-07-23,1.1221967164517386,-0.007092163315617017
2021-07-26,1.1264337206493524,-0.003343306622133446
2021-07-27,1.1205615551351653,-0.008538936828377142
2021-07-28,1.120434561711339,-0.008651299272390833
2021-07-29,1.124878035587029,-0.004719760382110416
2021-07-30,1.11000183706898,-0.017882064167267453
2021-08-02,1.1108299251839464,-0.017149380523872715
2021-08-03,1.122710992543712,-0.006637137245362301
2021-08-04,1.117198167951963,-0.011514826387709287
2021-08-05,1.1257856687826107,-0.003916696089089289
2021-08-06,1.1265739340816994,-0.0032192472538028483
2021-08-09,1.125235635139725,-0.004403360063822692
2021-08-10,1.1270048821828682,-0.002837948912271626
2021-08-11,1.132684312607108,0.0
2021-08-12,1.1397837976612957,0.0
2021-08-13,1.141130721127505,0.0
2021-08-16,1.1420558542856059,0.0
2021-08-17,1.132716711541845,-0.008177483359255389
2021-08-18,1.1173177755752468,-0.021661005998549476
2021-08-19,1.119458837036218,-0.0197862627861779
2021-08-20,1.1333436816151339,-0.007628499637543307
2021-08-23,1.1483952674754843,0.0
2021-08-24,1.1486876669602584,0.0
2021-08-25,1.1521067394714164,0.0
2021-08-26,1.145989274466884,-0.005309807498686259
2021-08-27,1.1544898592317254,0.0
2021-08-30,1.1608794792470862,0.0
2021-08-31,1.1563377315391872,-0.00391233352737419
2021-09-01,1.1572191695273535,-0.003153048860943586
2021-09-02,1.1645155903143598,0.0
2021-09-03,1.1653434297709768,0.0
2021-09-07,1.16226681460071,-0.002640093119048559
2021-09-08,1.159449172906955,-0.005057956919343742
2021-09-09,1.1511590441958075,-0.012171850128298245
2021-09-10,1.143463060122088,-0.018775898237302302
2021-09-13,1.1477550026603511,-0.015092913094367666
2021-09-14,1.141534220546273,-0.02043106659929672
2021-09-15,1.152525682129545,-0.010999116066540804
2021-09-16,1.1484976839217884,-0.014455606320704195
2021-09-17,1.134545784869999,-0.026427956012100684
2021-09-20,1.1088356329765916,-0.04849025218728065
2021-09-21,1.1100999047801379,-0.04740536015352648
2021-09-22,1.1249141721590001,-0.034692998286283916
2021-09-23,1.140896987285825,-0.020977886741899154
2021-09-24,1.1401318240392642,-0.021634485669745795
2021-09-27,1.136739804886882,-0.024545232034917208
2021-09-28,1.118460118830633,-0.040231325584045075
2021-09-29,1.119637858886774,-0.039220687838936286
2021-09-30,1.108273010392467,-0.04897304770468036
2021-10-01,1.1201758383863034,-0.038759038950045954
2021-10-04,1.104712021396896,-0.05202878981863457
2021-10-05,1.1163403712937474,-0.04205031514774993
2021-10-06,1.1232606989564073,-0.0361118703203569
2021-10-07,1.1332928039343184,-0.027503159169960156
2021-10-08,1.1322005007355576,-0.028440482169220127
2021-10-11,1.1221480612607673,-0.03706664267948778
2021-10-12,1.116435473303731,-0.04196870657850427
2021-10-13,1.1190967338819375,-0.0396850359366836
2021-10-14,1.1390149676770944,-0.02259287813469435
2021-10-15,1.1521146886790874,-0.01135179617779225
2021-10-18,1.1546261709649808,-0.009196652705290798
2021-10-19,1.1647052492964154,-0.0005476329623164133
2021-10-20,1.1690841744971598,0.0
2021-10-21,1.169287097523172,0.0
2021-10-22,1.1687552873906382,-0.0004548157023713806
2021-10-25,1.1725793489969476,0.0
2021-10-26,1.189421179289212,0.0
2021-10-27,1.1838979444420166,-0.0046436325024042935
2021-10-28,1.200146147969332,0.0
2021-10-29,1.2000271213768614,-9.917674832526924e-05
2021-11-01,1.200432398894809,0.0
2021-11-02,1.2082090308718696,0.0
2021-11-03,1.2101066634399675,0.0
2021-11-04,1.2264492030982135,0.0
2021-11-05,1.230861179361159,0.0
2021-11-08,1.2378188030049906,0.0
2021-11-09,1.2385885911015757,0.0
2021-11-10,1.2237283021675696,-0.011997760225443188
2021-11-11,1.228062543942684,-0.008498420891742686
2021-11-12,1.2354781947372593,-0.0025112425438620356
2021-11-15,1.2351195202164187,-0.00280082580291785
2021-11-16,1.2360810848105468,-0.0020244868304485353
2021-11-17,1.2329256307440282,-0.004572107637864642
2021-11-18,1.248775751952009,0.0
2021-11-19,1.2493583430917365,0.0
2021-11-22,1.2442698971578334,-0.0040728474436813045
2021-11-23,1.2528959111451279,0.0
2021-11-24,1.2571655406168207,0.0
2021-11-26,1.225689317269316,-0.025037453167910728
2021-11-29,1.2441721248771078,-0.010335485121026888
2021-11-30,1.2262231088629163,-0.0246128538797864
2021-12-01,1.220908982816435,-0.028839923326721695
2021-12-02,1.2315182368067477,-0.020400896287285586
2021-12-03,1.2201657904378302,-0.029431088415640794
2021-12-06,1.233803515172075,-0.018583094023785662
2021-12-07,1.2624350566199367,0.0
2021-12-08,1.2634116779899782,0.0
2021-12-09,1.256767163059554,-0.005259184354695301
2021-12-10,1.2641348889412245,0.0
2021-12-13,1.2487936066440772,-0.012135795342217315
2021-12-14,1.243936113467153,-0.015978338744363718
2021-12-15,1.265436732895528,0.0
2021-12-16,1.2501721794585734,-0.012062676102365777
2021-12-17,1.23128926752237,-0.026984727474303027
2021-12-20,1.2173737378274403,-0.03798134969427647
2021-12-21,1.2379518012035577,-0.021719720138896448
2021-12-22,1.2503854896868503,-0.01189410961244819
2021-12-23,1.2560703393674142,-0.007401708267691931
2021-12-27,1.2730904790820552,0.0
2021-12-28,1.2716765114306603,-0.0011106576277394309
2021-12-29,1.270789812883935,-0.0018071505803570753
2021-12-30,1.265349399532998,-0.006080541545357199
2021-12-31,1.2626443424735798,-0.008205337154046921
2022-01-03,1.2770948793924017,0.0
2022-01-04,1.2811626352923944,0.0
2022-01-05,1.2615046055395094,-0.015343898745843854
2022-01-06,1.2589758481654725,-0.017317697625374717
2022-01-07,1.2601947513551373,-0.016366293677048782
2022-01-10,1.2535993458784718,-0.02151427824589336
2022-01-11,1.2637172949921418,-0.013616803846508652
2022-01-12,1.2675215131500468,-0.010647455495948255
2022-01-13,1.2482028150675697,-0.025726491951041375
2022-01-14,1.247604448980949,-0.026193541231232187
2022-01-18,1.2259315318806772,-0.04311014221790199
2022-01-19,1.216643874807255,-0.050359539614901805
2022-01-20,1.203570400053373,-0.06056392303488689
2022-01-21,1.1817701752856464,-0.07757989287914568
2022-01-24,1.1808022982145694,-0.07833536064288993
2022-01-25,1.164912409849062,-0.09073807043771698
2022-01-26,1.1665476646324253,-0.08946168698856172
2022-01-27,1.164293072695176,-0.09122148849630307
2022-01-28,1.1833669180632267,-0.07633356963056304
2022-01-31,1.2116048869443055,-0.054292676380008564
2022-02-01,1.2215494663095148,-0.046530524182259114
2022-02-02,1.2297143451769692,-0.04015750124002282
2022-02-03,1.1989651165313568,-0.06415853576800412
2022-02-04,1.2204558906149072,-0.04738410487879419
2022-02-07,1.2206792960958446,-0.047209727735109897
2022-02-08,1.2294453639779201,-0.04036745210156012
2022-02-09,1.2436999978982266,-0.02924112549193869
2022-02-10,1.2233165650667597,-0.04515123110223451
2022-02-11,1.2011646272020582,-0.062441727448661166
2022-02-14,1.1994285294959894,-0.06379682293634104
2022-02-15,1.2207416005367553,-0.04716109656277123
2022-02-16,1.2235242203183379,-0.04498914765876072
2022-02-17,1.1967281578037707,-0.06590457383215331
2022-02-18,1.1830259039849533,-0.07659974510967826
2022-02-22,1.171859668831078,-0.08531544977220673
2022-02-23,1.1476566730316942,-0.1042068809868395
2022-02-24,1.1617618175824451,-0.09319723696336091
2022-02-25,1.1882075308119062,-0.07255527278101848
2022-02-28,1.185466806314248,-0.07469452069705906
2022-03-01,1.1663658499798994,-0.08960360078429497
2022-03-02,1.1879889950347986,-0.07272584892107092
2022-03-03,1.1846448023261715,-0.07533612853468441
2022-03-04,1.1776790168405094,-0.08077320989639025
2022-03-07,1.1587001655810005,-0.09558698196302362
2022-03-08,1.153009668183386,-0.10002864864987315
2022-03-09,1.172284009737983,-0.08498423428463675
2022-03-10,1.1717945281367916,-0.08536629475667012
2022-03-11,1.1575199619470091,-0.09650817932039268
2022-03-14,1.1450802388645323,-0.10621789355947353
2022-03-15,1.1729520409296057,-0.08446280853179289
2022-03-16,1.1963859770425638,-0.06617165995516439
2022-03-17,1.2118254968114786,-0.05412048132756486
2022-03-18,1.2258045744085941,-0.04320923773363572
2022-03-21,1.2347475417480651,-0.03622888481581121
2022-03-22,1.2449302411214642,-0.02828087018215375
2022-03-23,1.236130584163809,-0.03514936346727582
2022-03-24,1.257019263853348,-0.018844891955139054
2022-03-25,1.2633699494571975,-0.013887921287320526
2022-03-28,1.2698983249409512,-0.008792256378029939
2022-03-29,1.2778152192800598,-0.002612795534401968
2022-03-30,1.273597958704734,-0.0059045404379389765
2022-03-31,1.254196543238352,-0.02104814120487375
2022-04-01,1.2540922356626605,-0.021129557547200695
2022-04-04,1.2660605358272368,-0.01178780823693859
2022-04-05,1.2486424695102019,-0.025383323620557063
2022-04-06,1.233416597662048,-0.03726774128052024
2022-04-07,1.236132964971278,-0.035147505149367264
2022-04-08,1.2292485974060166,-0.040521036483810446
2022-04-11,1.2015972214982318,-0.062104069852149335
2022-04-12,1.1994795496273514,-0.06375699963057446
2022-04-13,1.2111931565883358,-0.05461404881519183
2022-04-14,1.1975308199628114,-0.06527806308564099
2022-04-18,1.2018309058731376,-0.06192166961000334
2022-04-19,1.2206183419772763,-0.04725730492545965
2022-04-20,1.2189094894365302,-0.0485911344437987
2022-04-21,1.192961308313104,-0.06884475440478366
2022-04-22,1.1603350199902258,-0.09431091102230948
2022-04-25,1.1682624758350284,-0.08812320649017313
2022-04-26,1.1359870886084873,-0.1133154704053434
2022-04-27,1.1401505258948903,-0.11006573678705633
2022-04-28,1.1711715540596859,-0.08585255158304372
2022-04-29,1.1213067472010694,-0.12477407917445371
2022-05-02,1.1302309352392315,-0.11780838427177232
2022-05-03,1.1353875412812766,-0.11378344169227828
2022-05-04,1.1681117802603367,-0.08824083056891252
2022-05-05,1.1229388966259228,-0.12350011958502116
2022-05-06,1.1221558131684533,-0.12411134835168813
2022-05-09,1.0797019342326908,-0.1572483426459944
2022-05-10,1.0832062642853248,-0.15451306926531683
2022-05-11,1.0633395195884996,-0.17001987858799983
2022-05-12,1.0538942220088774,-0.17739232086771595
2022-05-13,1.0830892840237931,-0.1546043771588732
2022-05-16,1.0821837042265643,-0.15531121934446512
2022-05-17,1.1084336976417142,-0.13482202250712616
2022-05-18,1.063505864834726,-0.1698900392985575
2022-05-19,1.0558540045166305,-0.1758626302150489
2022-05-20,1.0519312681653556,-0.17892448687806306
2022-05-23,1.079918321701948,-0.15707944334835944
2022-05-24,1.0766913245119603,-0.15959824705141246
2022-05-25,1.0884843948996137,-0.150393271771313
2022-05-26,1.108106391085445,-0.13507749870292896
2022-05-27,1.1375781084481884,-0.11207361414457451
2022-05-31,1.1349322371493467,-0.11413882524733032
2022-06-01,1.1331285802316327,-0.11554665347149817
2022-06-02,1.1540091430382338,-0.09924851751951136
2022-06-03,1.1383482328353602,-0.11147250046395574
2022-06-06,1.142047341017254,-0.1085851947620925
2022-06-07,1.1545207197329734,-0.09884921092045273
2022-06-08,1.1466100498847338,-0.1050238132935809
2022-06-09,1.1171589191875055,-0.1280116291148773
2022-06-10,1.0791345936517123,-0.1576911752461264
2022-06-13,1.0346189263200964,-0.19243747997382887
2022-06-14,1.029299310248549,-0.19658965856927568
2022-06-15,1.0480303068303956,-0.18196934724746483
2022-06-16,1.0157520916893266,-0.207163818465947
2022-06-17,1.0142487672597407,-0.20833722486118011
2022-06-21,1.0455687765406456,-0.18389067262953718
2022-06-22,1.040077004088139,-0.18817722634350276
2022-06-23,1.0465412971021133,-0.18313158043103128
2022-06-24,1.075952341250291,-0.16017505380592778
2022-06-27,1.0717807133433404,-0.1634311805395946
2022-06-28,1.048603756840284,-0.18152174598741277
2022-06-29,1.044591763500477,-0.18465327139198506
2022-06-30,1.03054905673494,-0.1956141801624256
2022-07-01,1.0419130602698343,-0.18674410916453021
2022-07-05,1.0432711997539474,-0.18568402557584263
2022-07-06,1.0460581151524442,-0.18350872376659133
2022-07-07,1.0681141149141384,-0.16629311104568134
2022-07-08,1.065792439373845,-0.16810527405788445
2022-07-11,1.0512095212864985,-0.17948783992862438
2022-07-12,1.039283287527373,-0.1887967546835444
2022-07-13,1.039974794171195,-0.1882570053771152
2022-07-14,1.0366008577384087,-0.19089050118775153
2022-07-15,1.0528552933782416,-0.1782032472887778
2022-07-18,1.0475047838256277,-0.18237953951368546
2022-07-19,1.0728597370414326,-0.1625889582733746
2022-07-20,1.0835270852293994,-0.15426265535592165
2022-07-21,1.0904035122395315,-0.14889532195053967
2022-07-22,1.0816060068679596,-0.1557621358344492
2022-07-25,1.0842395003326588,-0.15370658613907562
2022-07-26,1.068043689751733,-0.16634808077432117
2022-07-27,1.1017927003543662,-0.1400055933547355
2022-07-28,1.1174374970672296,-0.12779418765034345
2022-07-29,1.140970313401588,-0.10942585900408408
2022-08-01,1.1384494377307381,-0.11139350589090935
2022-08-02,1.1257716455728737,-0.12128904281075636
2022-08-03,1.1423808728182323,-0.1083248595073868
2022-08-04,1.1409295460147475,-0.10945767962210518
2022-08-05,1.1432179030511245,-0.10767152306919048
2022-08-08,1.131820626562162,-0.11656756497284881
2022-08-09,1.1313269304662148,-0.11695291503095018
2022-08-10,1.1574909134860205,-0.09653085283598584
2022-08-11,1.156423609340918,-0.09736392751027101
2022-08-12,1.174263295176409,-0.08343932079441907
2022-08-15,1.1777982951559396,-0.08068010827748218
2022-08-16,1.1800551201025105,-0.07891856381435025
2022-08-17,1.1735507581603737,-0.08399548516918842
2022-08-18,1.178054467171922,-0.08048015550885967
2022-08-19,1.1616085401119807,-0.09331687631768026
2022-08-22,1.1387166768791626,-0.11118491477135684
2022-08-23,1.1420248915474125,-0.1086027174943539
2022-08-24,1.1416554675822452,-0.10889106805578197
2022-08-25,1.1601807330973997,-0.09443133827219641
2022-08-26,1.118353611728245,-0.1270791225713448
2022-08-29,1.11133154044465,-0.13256013730761396
2022-08-30,1.0953029202715405,-0.1450711329701212
2022-08-31,1.083211468703874,-0.15450900700311376
2022-09-01,1.0781843822853958,-0.15843285420252184
2022-09-02,1.0674972893083232,-0.16677456873795515
2022-09-06,1.0630936324715907,-0.1702118035709297
2022-09-07,1.0775213823303684,-0.1589503528687829
2022-09-08,1.0845374313593172,-0.1534740387493444
2022-09-09,1.1029290223485346,-0.13911864741761082
2022-09-12,1.1183487065457092,-0.12708295126756242
2022-09-13,1.0666455966066617,-0.1674393498345933
2022-09-14,1.0743715645792322,-0.16140891485331765
2022-09-15,1.0589216530842318,-0.17346820464947565
2022-09-16,1.0538981179999651,-0.1773892798868284
2022-09-19,1.062695943965756,-0.1705222157659778
2022-09-20,1.0523797174431193,-0.1785744538179268
2022-09-21,1.0335364151814255,-0.19328242433050213
2022-09-22,1.026481141039809,-0.19878935525969388
2022-09-23,1.0075724851374424,-0.21354833697012376
2022-09-26,0.999425295746467,-0.21990755255020977
2022-09-27,0.998594915679753,-0.22055569826086296
2022-09-28,1.0157949657774257,-0.2071303534811605
2022-09-29,0.992321188298933,-0.22545259987818822
2022-09-30,0.976182070287763,-0.23804984363677362
2022-10-03,1.005373618704417,-0.215264642435529
2022-10-04,1.0392684570985253,-0.1888083304417183
2022-10-05,1.0400377882754046,-0.18820783589427648
2022-10-06,1.0309848880111694,-0.19527399597017436
2022-10-07,0.9979496212798336,-0.22105937701494416
2022-10-10,0.988717456085908,-0.2282654607232928
2022-10-11,0.981344320403636,-0.23402049562609373
2022-10-12,0.9793886752247689,-0.2355469569238201
2022-10-13,1.0050528307655486,-0.21551503058300658
2022-10-14,0.9806551529036993,-0.23455841913475062
2022-10-17,1.0123942238936685,-0.2097847720460455
2022-10-18,1.023058774006612,-0.20146065314094685
2022-10-19,1.0215495944206987,-0.20263862972591706
2022-10-20,1.0158809787366938,-0.20706321683753792
2022-10-21,1.0453016522673662,-0.18409917408432586
2022-10-24,1.0566255136301488,-0.17526043569870453
2022-10-25,1.0721507401126686,-0.16314235946478706
2022-10-26,1.0567617764380548,-0.17515407698658458
2022-10-27,1.0560636140781139,-0.17569902135251325
2022-10-28,1.083646218932937,-0.15416966661252884
2022-10-31,1.0719136231426687,-0.16332743898823565
2022-11-01,1.0654450245669242,-0.168376445568316
2022-11-02,1.0399767654289085,-0.1882554667295937
2022-11-03,1.0336968563176712,-0.1931571934411318
2022-11-04,1.055465789955685,-0.17616564760741682
2022-11-07,1.063037031084464,-0.17025598327580682
2022-11-08,1.0684247242308704,-0.16605066773038668
2022-11-09,1.0418276099202968,-0.1868108066681754
2022-11-10,1.1084389168138715,-0.13481794872912667
2022-11-11,1.1238951765279448,-0.1227537038875296
2022-11-14,1.1158868022670316,-0.12900456856333664
2022-11-15,1.1211703520076608,-0.12488054121889003
2022-11-16,1.1141347881605943,-0.13037208745451745
2022-11-17,1.1085403410650805,-0.13473878293985453
2022-11-18,1.1095434139811386,-0.13395584337509792
2022-11-21,1.105240406566589,-0.1373145172046446
2022-11-22,1.1237832487398873,-0.12284106811824791
2022-11-23,1.1329470819678444,-0.11568832031284093
2022-11-25,1.1277006403301668,-0.11978338326047389
2022-11-28,1.1099611100367877,-0.13362981446655608
2022-11-29,1.10407257937281,-0.13822605424265122
2022-11-30,1.1410949643133257,-0.10932856385333278
2022-12-01,1.1394917364082155,-0.11057994901002233
2022-12-02,1.1355615485062784,-0.11364762191404842
2022-12-05,1.1172953497622864,-0.12790513945382842
2022-12-06,1.0972118978329528,-0.14358109766248317
2022-12-07,1.0975413629306443,-0.1433239366365403
2022-12-08,1.114116405884669,-0.13038643557505958
2022-12-09,1.1043323266888014,-0.1380233108056853
2022-12-12,1.1270139537999153,-0.1203193702705031
2022-12-13,1.1396316601385785,-0.11047073279772546
2022-12-14,1.1327995670904414,-0.11580346172684997
2022-12-15,1.1040617524491734,-0.1382345051007533
2022-12-16,1.092708434270806,-0.14709623573948383
2022-12-19,1.0826954393849375,-0.15491178905803915
2022-12-20,1.085992405259737,-0.15233837192583632
2022-12-21,1.103982005919124,-0.13829675053927337
2022-12-22,1.0789368235001626,-0.1578455429634651
2022-12-23,1.0854892409379806,-0.15273111232264125
2022-12-27,1.0756989949619693,-0.16037280097817785
2022-12-28,1.062884320457079,-0.1703751801858463
2022-12-29,1.0809135451396032,-0.15630263062354233
2022-12-30,1.0802677187427534,-0.15680672462305423
2023-01-03,1.0732479829074442,-0.16228591644611823
2023-01-04,1.0757243713172704,-0.16035299369173195
2023-01-05,1.0623756076131248,-0.1707722514318697
2023-01-06,1.0876181432914374,-0.1510694166918044
2023-01-09,1.0895065143295277,-0.1495954656210574
2023-01-10,1.1004111557486576,-0.1410839456010865
2023-01-11,1.1157268047226745,-0.12912945321103841
2023-01-12,1.1233229952912513,-0.12320031481804805
2023-01-13,1.1350706809597717,-0.11403076417326263
2023-01-17,1.1370119522376414,-0.11251552229499273
2023-01-18,1.1172418389993188,-0.12794690679974807
2023-01-19,1.1023105951317351,-0.13960135523296824
2023-01-20,1.1235325122506397,-0.12303677823524684
2023-01-23,1.138309065682703,-0.1115030720335427
2023-01-24,1.144308466059568,-0.10682029389781011
2023-01-25,1.1369070085570783,-0.11259743514326992
2023-01-26,1.1538826175304764,-0.09934727586936642
2023-01-27,1.1597962097557997,-0.09473147451642294
2023-01-30,1.136159546053628,-0.11318086029387897
2023-01-31,1.1462488633704413,-0.10530573418663769
2023-02-01,1.158759539940662,-0.09554063783931444
2023-02-02,1.1779518633770805,-0.08056024198033107
2023-02-03,1.1666580933825434,-0.08937549281845703
2023-02-06,1.163123556073618,-0.09213434420200439
2023-02-07,1.1810665120307855,-0.07812913091924845
2023-02-08,1.1714342531916548,-0.08564750413260114
2023-02-09,1.1599434374480793,-0.09461655726218532
2023-02-10,1.162748764660921,-0.09242688427644341
2023-02-13,1.1787351184269865,-0.0799488792787274
2023-02-14,1.181897027844874,-0.07748087925220004
2023-02-15,1.184295505042517,-0.07560876939544037
2023-02-16,1.1647960286967007,-0.09082891070198573
2023-02-17,1.1584871309454738,-0.09575326423637298
2023-02-21,1.134754457675292,-0.11427758942071264
2023-02-22,1.1332481309471578,-0.11545333923314005
2023-02-23,1.151093683358077,-0.10152415341447452
2023-02-24,1.139378459607389,-0.11066836620055387
2023-02-27,1.1437284800479333,-0.10727299677538216
2023-02-28,1.1381490323616803,-0.11162798460639989
2023-03-01,1.131650420922617,-0.11670041745765936
2023-03-02,1.14321764985388,-0.10767172070002795
2023-03-03,1.1653363503790786,-0.09040716746073485
2023-03-06,1.16692403418665,-0.08916791510991273
2023-03-07,1.1488848323160172,-0.10324825227687662
2023-03-08,1.153071531335911,-0.0999803619212245
2023-03-09,1.1314841020607858,-0.1168302361529987
2023-03-10,1.1186294638049832,-0.12686380870787484
2023-03-13,1.1230874772972248,-0.12338414627514693
2023-03-14,1.144050557484291,-0.10702160212220901
2023-03-15,1.1368860938796452,-0.11261375990708744
2023-03-16,1.159079297325887,-0.09529105408123684
2023-03-17,1.1500134274718719,-0.10236733745407034
2023-03-20,1.157662564773969,-0.09639687196328484
2023-03-21,1.173718003973332,-0.08386494295046376
2023-03-22,1.1587616640150946,-0.09553897991207394
2023-03-23,1.1632344590062338,-0.09204777991300561
2023-03-24,1.1661887055107352,-0.08974186931030748
2023-03-27,1.1670974029260803,-0.08903259369586702
2023-03-28,1.166216482750445,-0.08972018803507764
2023-03-29,1.1839143145554836,-0.07590630420993838
2023-03-30,1.1930168350773127,-0.0688014134871835
2023-03-31,1.2070318189483706,-0.05786214357329045
2023-04-03,1.216203332539362,-0.05070340092942771
2023-04-04,1.208819300430217,-0.05646694094045812
2023-04-05,1.2075901303804017,-0.057426358594357185
2023-04-06,1.2106255956722058,-0.05505705339594935
2023-04-10,1.210658412819269,-0.05503143826625456
2023-04-11,1.2053392531153129,-0.05918326064807278
2023-04-12,1.1996346883642695,-0.06363590748142456
2023-04-13,1.217106333141836,-0.049998571911160306
2023-04-14,1.224781967775485,-0.04400742416597392
2023-04-17,1.2284133839875246,-0.04117295482382766
2023-04-18,1.2318012882149676,-0.03852855657639531
2023-04-19,1.2376004176758706,-0.03400209810722565
2023-04-20,1.2296713204287955,-0.04019108382117875
2023-04-21,1.2349443685290293,-0.03607525343791884
2023-04-24,1.23699086661459,-0.034477877719032435
2023-04-25,1.2170392459276578,-0.05005093623426038
2023-04-26,1.2208345211648859,-0.0470885682001958
2023-04-27,1.2425378898000419,-0.03014819854119255
2023-04-28,1.248638972454067,-0.02538605321634646
2023-05-01,1.246959545573501,-0.026696914799647864
2023-05-02,1.2365198216728495,-0.03484554762195069
2023-05-03,1.2259893160847213,-0.04306503927589267
2023-05-04,1.2169039108789625,-0.05015657079225255
2023-05-05,1.241648225334117,-0.03084261815773226
2023-05-08,1.2433967825173027,-0.02947779753697899
2023-05-09,1.2355567920563184,-0.0355972317485419
2023-05-10,1.245789108216355,-0.027610489177251285
2023-05-11,1.2401974430530507,-0.03197501325036256
2023-05-12,1.2369673597385809,-0.034496225800190516
2023-05-15,1.2412270296300634,-0.031171378685436513
2023-05-16,1.2372387202560704,-0.034284417782992405
2023-05-17,1.253258219689717,-0.021780541231838813
2023-05-18,1.2673194368536937,-0.010805184335977214
2023-05-19,1.2639189162423607,-0.013459430188656807
2023-05-22,1.2563104729112267,-0.01939813236552579
2023-05-23,1.2469534021359172,-0.026701710004733092
2023-05-24,1.2455081170735214,-0.027829814292652744
2023-05-25,1.2722366944276218,-0.006967063055765332
2023-05-26,1.289125084639948,0.0
2023-05-30,1.2902327050054658,0.0
2023-05-31,1.2750747690323938,-0.011748218685099787
2023-06-01,1.2933252147456324,0.0
2023-06-02,1.3160421799265436,0.0
2023-06-05,1.3118930760630534,-0.003152713436374688
2023-06-06,1.3120484059823836,-0.003034685365770673
2023-06-07,1.3065153992789762,-0.007238963000486209
2023-06-08,1.3195199894909704,0.0
2023-06-09,1.3189103144074137,-0.0004620430826454136
2023-06-12,1.3286277635728503,0.0
2023-06-13,1.3402596963770297,0.0
2023-06-14,1.3455993012440324,0.0
2023-06-15,1.3616656012767767,0.0
2023-06-16,1.3574449045935666,-0.003099657272132461
2023-06-20,1.3509809815499465,-0.007846728093014677
2023-06-21,1.3482710946070573,-0.009836854699979192
2023-06-22,1.3549062489110915,-0.004964032549068853
2023-06-23,1.3428491819510535,-0.013818678615424962
2023-06-26,1.3341889342328035,-0.020178718635625037
2023-06-27,1.3480150351458957,-0.010024903411000041
2023-06-28,1.3471494142804148,-0.01066061078634184
2023-06-29,1.3518713753708402,-0.007192827590527973
2023-06-30,1.3743803483331478,0.0
2023-07-03,1.3731473105543894,-0.0008971590580830746
2023-07-05,1.36941261718709,-0.0036145242851316484
2023-07-06,1.3557600455411745,-0.013548143943236779
2023-07-07,1.3532999407204913,-0.015338117747552782
2023-07-10,1.3493895829264366,-0.018183296521243286
2023-07-11,1.3567494705165477,-0.012828237713077617
2023-07-12,1.3711663301993922,-0.0023385216018648736
2023-07-13,1.3847935945743663,0.0
2023-07-14,1.381960494991412,-0.0020458641591458715
2023-07-17,1.3892799928056154,0.0
2023-07-18,1.399853588181923,0.0
2023-07-19,1.4026463533847655,0.0
2023-07-20,1.402298363567,-0.00024809519300827976
2023-07-21,1.400068139595011,-0.0018381067925874461
2023-07-24,1.4073928156967397,0.0
2023-07-25,1.4164635419237526,0.0
2023-07-26,1.405973508178487,-0.00740579156101584
2023-07-27,1.3992751757930064,-0.012134704227827808
2023-07-28,1.4159389520202974,-0.00037035185723366393
2023-07-31,1.418968091907608,0.0
2023-08-01,1.4243100451975987,0.0
2023-08-02,1.4032424820415814,-0.014791416536765745
2023-08-03,1.4017416104115197,-0.015845169991024033
2023-08-04,1.3993193721360626,-0.017545809738405027
2023-08-07,1.409051193251233,-0.010713153359982686
2023-08-08,1.4040066258190367,-0.014254915527008971
2023-08-09,1.392935001300365,-0.022028240271858124
2023-08-10,1.3910777906876635,-0.02333217730366066
2023-08-11,1.3915277462112363,-0.023016266083986214
2023-08-14,1.4046145267086747,-0.013828111762135054
2023-08-15,1.3856562941248531,-0.027138579274278096
2023-08-16,1.3747781319539643,-0.03477607520261694
2023-08-17,1.3707913951364834,-0.0375751404980722
2023-08-18,1.3715442208602036,-0.03704658582961462
2023-08-21,1.38060763048641,-0.030683217364464777
2023-08-22,1.3727513605313408,-0.03619905991683503
2023-08-23,1.3857834664040045,-0.027049292338768405
2023-08-24,1.3700785373298712,-0.038075633918739804
2023-08-25,1.3795148491708595,-0.03145045292475246
2023-08-28,1.3849549535583032,-0.027630986506056443
2023-08-29,1.4028512887513487,-0.015066071125878322
2023-08-30,1.4085634101931939,-0.011055623076940635
2023-08-31,1.40761093273279,-0.01172435209673195
2023-09-01,1.4120680807099502,-0.008595013795574369
2023-09-05,1.4077356932019884,-0.011636758479303455
2023-09-06,1.393043471528478,-0.021952083940251166
2023-09-07,1.3880544305116833,-0.02545486132612762
2023-09-08,1.3925678151185727,-0.02228603960637121
2023-09-11,1.4023442580330538,-0.015422054515874417
2023-09-12,1.3981723424520487,-0.01835113277033995
2023-09-13,1.402303380069715,-0.015450754701958558
2023-09-14,1.4160548983063748,-0.005795891785681184
2023-09-15,1.3933231408307618,-0.02175572971019668
2023-09-18,1.3982578958485954,-0.018291066216126417
2023-09-19,1.3925127452995751,-0.022324703813776936
2023-09-20,1.376558077012812,-0.0335263858777054
2023-09-21,1.3555070771102797,-0.0483061734481931
2023-09-22,1.3559620049413443,-0.047986771199645895
2023-09-25,1.3630742467496322,-0.04299330658688938
2023-09-26,1.340955683365552,-0.05852262441951861
2023-09-27,1.335684113623106,-0.0622237636203693
2023-09-28,1.3344094497758483,-0.06311869787401403
2023-09-29,1.3315829157526757,-0.06510319137155185
2023-10-02,1.3282503315581409,-0.06744297982264891
2023-10-03,1.313820359935061,-0.07757418101141678
2023-10-04,1.3116875466026443,-0.07907161714872968
2023-10-05,1.3066610851466287,-0.08260066721262804
2023-10-06,1.3224895249183544,-0.07148760947278054
2023-10-09,1.3287358378772058,-0.06710210859120469
2023-10-10,1.3371946622316697,-0.061163216014419985
2023-10-11,1.341795176535095,-0.057933221029172866
2023-10-12,1.3404422517160663,-0.05888310186697954
2023-10-13,1.340228102444516,-0.059033454855271894
2023-10-16,1.3499602075856174,-0.05220059906385521
2023-10-17,1.3414966890092728,-0.05814278742718337
2023-10-18,1.3231817623185798,-0.07100159352241964
2023-10-19,1.3172558366282168,-0.07516215232093659
2023-10-20,1.301176990517382,-0.08645101893045637
2023-10-23,1.3021031952222655,-0.08580073586322223
2023-10-24,1.3154667692678677,-0.07641824636196459
2023-10-25,1.3054696471522558,-0.08343716906725596
2023-10-26,1.2862304193061653,-0.09694492175843439
2023-10-27,1.280935080611748,-0.10066274900557892
2023-10-30,1.3017711477346414,-0.08603386451996631
2023-10-31,1.298928950948813,-0.0880293547542812
2023-11-01,1.3169564410666987,-0.07537235624565608
2023-11-02,1.3417958753035122,-0.057932730427832646
2023-11-03,1.347682594041222,-0.053799698608280155
2023-11-06,1.3528133040919355,-0.05019745619763871
2023-11-07,1.3544022812700138,-0.04908184433810292
2023-11-08,1.3539494747605307,-0.04939975721880607
2023-11-09,1.3436381539806825,-0.05663927702323013
2023-11-10,1.365530811441045,-0.04126856645766275
2023-11-13,1.3644265730059293,-0.04204384599657984
2023-11-14,1.3862254478856477,-0.026738979648681327
2023-11-15,1.3835555959252341,-0.02861346755910199
2023-11-16,1.3893652063800834,-0.024534573027368722
2023-11-17,1.3950812138278765,-0.0205213966357074
2023-11-20,1.403078395260613,-0.014906620934517334
2023-11-21,1.3979010282681703,-0.018541620919176105
2023-11-22,1.3986677423073892,-0.01800331534322086
2023-11-24,1.3982408699852138,-0.018303019978187618
2023-11-27,1.3985999167411984,-0.018050935288344117
2023-11-28,1.4016648187116456,-0.015899085007724856
2023-11-29,1.3987514069316909,-0.017944574885282116
2023-11-30,1.4023966817173286,-0.01538524814464115
2023-12-01,1.4103864973238924,-0.009775643948206958
2023-12-04,1.3986792497921756,-0.017995236003455428
2023-12-05,1.4007425204837731,-0.01654662535961826
2023-12-06,1.3915795167326677,-0.022979918294678825
2023-12-07,1.398098785747524,-0.018402776515164088
2023-12-08,1.405871175578456,-0.012945825721944249
2023-12-11,1.400752759876286,-0.01653943634024202
2023-12-12,1.4070819257813643,-0.01209576487529751
2023-12-13,1.4258388799613242,0.0
2023-12-14,1.433880326054855,0.0
2023-12-15,1.4355197410442844,0.0
2023-12-18,1.4454938515850537,0.0
2023-12-19,1.4541878318012398,0.0
2023-12-20,1.4313104829231007,-0.015732045323059718
2023-12-21,1.439685364230188,-0.009972898448124323
2023-12-22,1.440415963011303,-0.009470488260707177
2023-12-26,1.4468906158728607,-0.005018069721667517
2023-12-27,1.4493340635069003,-0.0033377863493241344
2023-12-28,1.4494983614467887,-0.0032248037371089833
2023-12-29,1.4468698706282863,-0.005032335584797876
2024-01-02,1.442438649881749,-0.008079549053121693
2024-01-03,1.4354996519718015,-0.012851283321694384
2024-01-04,1.4300925264666164,-0.016569596311899804
2024-01-05,1.4355303081671085,-0.012830202004249336
2024-01-08,1.4576057438215766,0.0
2024-01-09,1.4583510622420999,0.0
2024-01-10,1.4687642227011648,0.0
2024-01-11,1.467333353280132,-0.0009741995338102827
2024-01-12,1.4704509663311922,0.0
2024-01-16,1.4626328683625296,-0.005316802904464679
2024-01-17,1.4492680464409635,-0.014405730197913691
2024-01-18,1.4614941093840466,-0.006091231297221111
2024-01-19,1.4781628633976802,0.0
2024-01-22,1.4805476745168962,0.0
2024-01-23,1.4893560109122839,0.0
2024-01-24,1.4963843999334139,0.0
2024-01-25,1.5147992761804254,0.0
2024-01-26,1.5141288393340608,-0.00044259121119671896
2024-01-29,1.5260832136071782,0.0
2024-01-30,1.5269234077186664,0.0
2024-01-31,1.5035473944874094,-0.015309224492263462
2024-02-01,1.5220010238438886,-0.003223726776271141
2024-02-02,1.5409376666486512,0.0
2024-02-05,1.5426004305518413,0.0
2024-02-06,1.5461891915484502,0.0
2024-02-07,1.556670706880688,0.0
2024-02-08,1.5531774425668867,-0.002244061186711166
2024-02-09,1.5611197568466544,0.0
2024-02-12,1.5631259145691876,0.0
2024-02-13,1.5396000568523993,-0.01505051992134121
2024-02-14,1.5492670332760676,-0.008866132385080161
2024-02-15,1.5606166284717335,-0.001605300042732405
2024-02-16,1.5560265499350119,-0.004541773997862708
2024-02-20,1.5423498715620076,-0.013291343207566197
2024-02-21,1.5489084187157072,-0.009095553800858691
2024-02-22,1.5895613034034222,0.0
2024-02-23,1.5901898171887576,0.0
2024-02-26,1.584224070082716,-0.0037515943326742462
2024-02-27,1.584895151661853,-0.0033295808271901484
2024-02-28,1.5834102655917104,-0.004263359961034441
2024-02-29,1.5944858746920694,0.0
2024-03-01,1.604998464450013,0.0
2024-03-04,1.602456481330406,-0.0015837916209334724
2024-03-05,1.5916535148959305,-0.008314618268906226
2024-03-06,1.598015306455937,-0.004350881417490293
2024-03-07,1.6148770210448455,0.0
2024-03-08,1.6102250350118081,-0.002880706067653116
2024-03-11,1.6074115206225297,-0.004622952909123401
2024-03-12,1.6289270953727393,0.0
2024-03-13,1.6347229055470391,0.0
2024-03-14,1.6356597770351644,0.0
2024-03-15,1.6308105370596218,-0.002964699654308567
2024-03-18,1.6378442408657712,0.0
2024-03-19,1.6508340675284825,0.0
2024-03-20,1.6641856535904778,0.0
2024-03-21,1.6641973316744703,0.0
2024-03-22,1.666189483514855,0.0
2024-03-25,1.6634530765135798,-0.001642314411625434
2024-03-26,1.6540313194428895,-0.00729698764291653
2024-03-27,1.6729169415501786,0.0
2024-03-28,1.6745404612397432,0.0
2024-04-01,1.6709444667125706,-0.0021474515608361777
2024-04-02,1.668603184005462,-0.0035456158699715967
2024-04-03,1.6651586566901526,-0.0056026144287041335
2024-04-04,1.651773400218276,-0.013596005321132476
2024-04-05,1.6739651078629978,-0.00034358881738782987
2024-04-08,1.6685022454186706,-0.0036058942502961155
2024-04-09,1.6692780306280213,-0.003142611799195283
2024-04-10,1.6645911334060157,-0.0059415272810795505
2024-04-11,1.6810967471658926,0.0
2024-04-12,1.6534350296527718,-0.01645456608000395
2024-04-15,1.6367552266458913,-0.02637654292934377
2024-04-16,1.6257014043492208,-0.03295190649203328
2024-04-17,1.6188665584833175,-0.0370176129288734
2024-04-18,1.6170310407269293,-0.03810947022946165
2024-04-19,1.599817424992287,-0.0483489854528788
2024-04-22,1.621648983481297,-0.03536248808096065
2024-04-23,1.6424611913011233,-0.02298235121203096
2024-04-24,1.6389052091181449,-0.02509762636735635
2024-04-25,1.6269301990654268,-0.03222095824751525
2024-04-26,1.6392097052097754,-0.024916496939711097
2024-04-29,1.6521433116364097,-0.017222944234645987
2024-04-30,1.6223357045293463,-0.034953992228948016
2024-05-01,1.627190191877985,-0.03206630158483559
2024-05-02,1.6449710521316445,-0.021489361094268578
2024-05-03,1.6694032512687036,-0.006955873251734412
2024-05-06,1.6854602069188385,0.0
2024-05-07,1.6842009089267813,-0.0007471537962674413
2024-05-08,1.6886763213370017,0.0
2024-05-09,1.7029784503461873,0.0
2024-05-10,1.7041624382308929,0.0
2024-05-13,1.71014158272873,0.0
2024-05-14,1.7207675905282083,0.0
2024-05-15,1.7397631496242705,0.0
2024-05-16,1.7332396397404723,-0.003749654017678794
2024-05-17,1.7370345466243706,-0.0015683761324000178
2024-05-20,1.7342928440299494,-0.0031442817923247324
2024-05-21,1.741829196342905,0.0
2024-05-22,1.7351269894757348,-0.0038477979822830743
2024-05-23,1.7276051987292373,-0.008166126531540474
2024-05-24,1.7380504753726087,-0.0021693981121856387
2024-05-28,1.7477379543867018,0.0
2024-05-29,1.7389882122712783,-0.005006323798978141
2024-05-30,1.7304190926942098,-0.009909301133515402
2024-05-31,1.7416771061429093,-0.003467824354663751
2024-06-03,1.7428969782265533,-0.002769852395776984
2024-06-04,1.7421123365085303,-0.0032187993995619335
2024-06-05,1.7550394214405067,0.0
2024-06-06,1.7579121844919303,0.0
2024-06-07,1.7575031985339886,-0.00023265437349473395
2024-06-10,1.763131214391418,0.0
2024-06-11,1.7637020470852371,0.0
2024-06-12,1.7709498240803003,0.0
2024-06-13,1.7779871941814716,0.0
2024-06-14,1.7760654567186889,-0.0010808500022225775
2024-06-17,1.782218707057418,0.0
2024-06-18,1.7856000364293678,0.0
2024-06-20,1.7904473655910365,0.0
2024-06-21,1.785211697056613,-0.0029242236521681564
2024-06-24,1.7804476917829686,-0.005585014114484643
2024-06-25,1.7883232296776401,-0.0011863716042248562
2024-06-26,1.8005155646507345,0.0
2024-06-27,1.8034774737166992,0.0
2024-06-28,1.7910998854040299,-0.006863178771598921
2024-07-01,1.8036055015774248,0.0
2024-07-02,1.8113777511786358,0.0
2024-07-03,1.8237734095383782,0.0
2024-07-05,1.8274631330248146,0.0
2024-07-08,1.829887408829631,0.0
2024-07-09,1.8318375059177803,0.0
2024-07-10,1.853140220333089,0.0
2024-07-11,1.833283746576513,-0.010715041171038164
2024-07-12,1.841521363757927,-0.006269820517453062
2024-07-15,1.8422712146849671,-0.005865182531178403
2024-07-16,1.8556637648554075,0.0
2024-07-17,1.8405165985402367,-0.008162667505851262
2024-07-18,1.8293109422622829,-0.014201291792308113
2024-07-19,1.8143832453887014,-0.022245689250672274
2024-07-22,1.8263334792064951,-0.015805819030581647
2024-07-23,1.820593124219934,-0.01889924311703428
2024-07-24,1.7976542673008669,-0.03126078045666891
2024-07-25,1.7938641924766656,-0.03330321664364522
2024-07-26,1.8123954712584418,-0.02331688230186313
2024-07-29,1.804448696243725,-0.027599325686931908
2024-07-30,1.7889569656113846,-0.03594767570903157
2024-07-31,1.8166141645525078,-0.021043467594972665
2024-08-01,1.7952339009534564,-0.0325650934433479
2024-08-02,1.7689534587556954,-0.04672738011159505
2024-08-05,1.7145759248606385,-0.07603092902218878
2024-08-06,1.7287967777342192,-0.06836744324264676
2024-08-07,1.7273542346426687,-0.06914481634162672
2024-08-08,1.7601739142084136,-0.051458595277595665
2024-08-09,1.7695525170807427,-0.046404553133781
2024-08-12,1.7737856481287413,-0.044123358055141004
2024-08-13,1.7970161152900612,-0.031604674659321264
2024-08-14,1.8062017437402693,-0.02665462464262336
2024-08-15,1.8315851774411829,-0.01297572753763443
2024-08-16,1.8362254683915016,-0.010475117762199004
2024-08-19,1.8513905697373232,-0.0023027852345962607
2024-08-20,1.8446036797607708,-0.00596017732528098
2024-08-21,1.8483944090061302,-0.003917388476809447
2024-08-22,1.8335342320411878,-0.011925400082349547
2024-08-23,1.8549143065751879,-0.00040387611937775514
2024-08-26,1.857126149833957,0.0
2024-08-27,1.853886099671701,-0.0017446580904295628
2024-08-28,1.8424779864010346,-0.007887543575988198
2024-08-29,1.8436576620803815,-0.007252327880246434
2024-08-30,1.8636795144854132,0.0
2024-09-03,1.8207386875504914,-0.023040885839633374
2024-09-04,1.8113576717470452,-0.028074485088073087
2024-09-05,1.8102795120110957,-0.028652996429518574
2024-09-06,1.7826277338368386,-0.04349019239552787
2024-09-09,1.809936665041316,-0.028836958836743087
2024-09-10,1.8087153101857083,-0.029492304804821123
2024-09-11,1.8307118911662437,-0.017689534634538484
2024-09-12,1.842431508592375,-0.011401105033289505
2024-09-13,1.847705432317135,-0.008571260264503722
2024-09-16,1.8482471391875597,-0.008280595015347725
2024-09-17,1.8565093353651854,-0.0038473241050823725
2024-09-18,1.8498948640657968,-0.007396470429854252
2024-09-19,1.8786920446021425,0.0
2024-09-20,1.8750049946511482,-0.001962562178079108
2024-09-23,1.8819582319701815,0.0
2024-09-24,1.8922772706092421,0.0
2024-09-25,1.8842045213944085,-0.004266155568329877
2024-09-26,1.8861444676644648,-0.003240964228673926
2024-09-27,1.885414507957514,-0.0036267214949522453
2024-09-30,1.8931727813031562,0.0
2024-10-01,1.8756289828499928,-0.009266876550531933
2024-10-02,1.8784946744918094,-0.00775317866193026
2024-10-03,1.8756699050071797,-0.009245260902139396
2024-10-04,1.8932946666134534,0.0
2024-10-07,1.874728340537728,-0.009806358409562899
2024-10-08,1.8830939999023235,-0.005387786112225124
2024-10-09,1.898962778814763,0.0
2024-10-10,1.903656191869425,0.0
2024-10-11,1.9209981765103081,0.0
2024-10-14,1.9297158900361222,0.0
2024-10-15,1.9190128760873966,-0.005546419555329085
2024-10-16,1.926649459694734,-0.0015890579319066678
2024-10-17,1.9292837598198256,-0.00022393463127290403
2024-10-18,1.9377850216537678,0.0
2024-10-21,1.939584187900914,0.0
2024-10-22,1.9456242245252144,0.0
2024-10-23,1.9307606655245872,-0.007639480847980495
2024-10-24,1.9279239741779866,-0.00909746605953532
2024-10-25,1.9233685457542182,-0.011438837207337516
2024-10-28,1.9322248651751668,-0.006886920496334548
2024-10-29,1.9223077004152032,-0.01198408398502604
2024-10-30,1.913632679424941,-0.01644281804112524
2024-10-31,1.874846783208166,-0.036377754976976706
2024-11-01,1.8850506515739371,-0.03113323332826967
2024-11-04,1.8834635153332815,-0.03194897987410794
2024-11-05,1.9019191297419713,-0.02246327642939805
2024-11-06,1.9458038399758635,0.0
2024-11-07,1.9500243412341185,0.0
2024-11-08,1.946518714945285,-0.001797734630643144
2024-11-11,1.9346043694873494,-0.00790757911104345
2024-11-12,1.93514593083484,-0.0076298588097942766
2024-11-13,1.9412795425627267,-0.004484456161125361
2024-11-14,1.9454241714724791,-0.002359031969174308
2024-11-15,1.9275094072754426,-0.01154597585403816
2024-11-18,1.9314930486541795,-0.009503108339771305
2024-11-19,1.9388577237760627,-0.005726399010480443
2024-11-20,1.9355610480011551,-0.007416980868972134
2024-11-21,1.946036758769188,-0.002044888558881741
2024-11-22,1.9498254455688437,-0.00010199650387388015
2024-11-25,1.9549495601584959,0.0
2024-11-26,1.970719598972735,0.0
2024-11-27,1.9642971804492204,-0.0032589205115037823
2024-11-29,1.9744066162159448,0.0
2024-12-02,1.9764190812866642,0.0
2024-12-03,1.9724769726798297,-0.0019945712142528382
2024-12-04,1.9765622455623115,0.0
2024-12-05,1.9826160556820642,0.0
2024-12-06,1.9799497118684686,-0.0013448614046850382
2024-12-09,1.9731065882155774,-0.004796424118140852
2024-12-10,1.9601776528314432,-0.011317573458720753
2024-12-11,1.9664873516349033,-0.008135061753856476
2024-12-12,1.9568561797357549,-0.012992871651817284
2024-12-13,1.948525091143504,-0.017194940210868093
2024-12-16,1.9442004344576949,-0.019376228248667915
2024-12-17,1.9422774228128923,-0.020346164731978145
2024-12-18,1.895085326587289,-0.04414910735939881
2024-12-19,1.8972241747294212,-0.043070306380256884
2024-12-20,1.9196635157532218,-0.031752259721908316
2024-12-23,1.9307286161564834,-0.026171199096705844
2024-12-24,1.946633028428006,-0.018149266546557463
2024-12-26,1.944972379868628,-0.01898687126312304
2024-12-27,1.9263281313618117,-0.02839073362637945
2024-12-30,1.9095675842595257,-0.036844486966190915
2024-12-31,1.9055498899590162,-0.03887094805985292
2025-01-02,1.899899945406482,-0.04172069021559799
2025-01-03,1.919398221135483,-0.03188607010691891
2025-01-06,1.9246956713928647,-0.029214120466341975
2025-01-07,1.9075625561000908,-0.037855791274802986
2025-01-08,1.9011400708748944,-0.04109519065663991
2025-01-10,1.8649628774144018,-0.05934239154902188
2025-01-13,1.8735986089183125,-0.054986665951440195
2025-01-14,1.8800009942649831,-0.051757404628592685
2025-01-15,1.9127107238946643,-0.03525913733375419
2025-01-16,1.9090143275644087,-0.0371235408422711
2025-01-17,1.9297754196921122,-0.02665197623035176
2025-01-21,1.9401512600240431,-0.02141856742071635
2025-01-22,1.9531419227140918,-0.014866283808961045
2025-01-23,1.9660679683192255,-0.00834659202693977
2025-01-24,1.9611722433306047,-0.010815917832402655
2025-01-27,1.941387350501276,-0.02079510304712262
2025-01-28,1.9564819963817017,-0.013181603783276041
2025-01-29,1.9497866071289365,-0.016558651615394937
2025-01-30,1.9315101950789249,-0.025776983121201358
2025-01-31,1.91626774292045,-0.033465033520465925
2025-02-03,1.897271242263885,-0.04304656626460068
2025-02-04,1.9146732130914372,-0.03426928900121973
2025-02-05,1.9208730421837044,-0.031142193830927534
2025-02-06,1.9347504188793319,-0.024142665780170658
2025-02-07,1.9151503432002885,-0.034028632164267436
2025-02-10,1.9296857905765454,-0.026697183730467478
2025-02-11,1.9420866881773915,-0.02044236824801149
2025-02-12,1.92548565089474,-0.028815667372203424
2025-02-13,1.9433360171776524,-0.019812226573994285
2025-02-14,1.937792380696396,-0.02260834862968364
2025-02-18,1.9472626476765007,-0.017831696613291648
2025-02-19,1.9556128324829964,-0.013619996227548947
2025-02-20,1.9532734556537743,-0.014799940686546775
2025-02-21,1.9355709781905996,-0.023728788716623206
2025-02-24,1.923732550317874,-0.029699903415708495
2025-02-25,1.9168466095389545,-0.03317306240641915
2025-02-26,1.9151303171849499,-0.03403873296784021
2025-02-27,1.8841853071925783,-0.049646903749916205
2025-02-28,1.9160478480808927,-0.03357594497955918
2025-03-03,1.8759585188483117,-0.05379636492304107
2025-03-04,1.8593699207962486,-0.06216338989720138
2025-03-05,1.8759287449131274,-0.053811382422318754
2025-03-06,1.8563799173152542,-0.06367150008950273
2025-03-07,1.8718259948807567,-0.05588074427410672
2025-03-10,1.8414941162937022,-0.0711796613287351
2025-03-11,1.8215131896203083,-0.08125772289599109
2025-03-12,1.8208089206858784,-0.08161294494335192
2025-03-13,1.8006656112439352,-0.09177290979595842
2025-03-14,1.83828406311634,-0.07279876108744154
2025-03-17,1.838103830117915,-0.07288966774478878
2025-03-18,1.8191150067187192,-0.08246732820243252
2025-03-19,1.8359798284162134,-0.07396098041554733
2025-03-20,1.835188285559821,-0.07436022204083526
2025-03-21,1.8422571340456344,-0.07079480731237353
2025-03-24,1.863183787318887,-0.060239736292304946
2025-03-25,1.8639014727491303,-0.05987774717787875
2025-03-26,1.8524474445589243,-0.06565497679194321
2025-03-27,1.8522084913275862,-0.06577550100067908
2025-03-28,1.8204697847821407,-0.08178399969838923
2025-03-31,1.8275175461220383,-0.07822922099088347
2025-04-01,1.8223865597133084,-0.08081720891422584
2025-04-02,1.8307336256903857,-0.07660708161642904
2025-04-03,1.7474025885635105,-0.11863793115386378
2025-04-04,1.6443729831598008,-0.17060442517494911
2025-04-07,1.6327738230825433,-0.1764548570041553
2025-04-08,1.6054012761132814,-0.19026113426636837
2025-04-09,1.748419364146747,-0.11812508572404778
2025-04-10,1.6903751790827597,-0.14740164933183053
2025-04-11,1.7300852101665234,-0.12737254134092268
2025-04-14,1.7420956328567143,-0.1213146751919173
2025-04-15,1.7348143285585926,-0.12498724925246418
2025-04-16,1.693384672822272,-0.14588370856317423
2025-04-17,1.7048520051318214,-0.14009976856294837
2025-04-21,1.6667120346469193,-0.15933696296354605
2025-04-22,1.7066990302230785,-0.13916815848848962
2025-04-23,1.7310539338722561,-0.12688393251373375
2025-04-24,1.7559125686069705,-0.11434563259254082
2025-04-25,1.7684539152963803,-0.10801997682400866
2025-04-28,1.766155761517617,-0.10917912903211102
2025-04-29,1.7730112089746326,-0.10572135038789587
2025-04-30,1.7683950519156024,-0.10804966657690307
2025-05-01,1.7925941813941502,-0.0958440106158337
2025-05-02,1.808165876953638,-0.08798989508254107
2025-05-05,1.7867346874105163,-0.09879944617121561
2025-05-06,1.7829579759721101,-0.10070435934267019
2025-05-07,1.7941910738372573,-0.09503856347011397
2025-05-08,1.8085191253930648,-0.08781172218899747
2025-05-09,1.8137151392950572,-0.08519093543247902
2025-05-12,1.875154714923263,-0.054201790836316044
2025-05-13,1.8934235312877183,-0.04498729047347583
2025-05-14,1.8969334481017608,-0.0432169442665119
2025-05-15,1.908208435934318,-0.03753001976075909
2025-05-16,1.915007002007626,-0.03410093118164481
2025-05-19,1.9105759405975924,-0.03633588806970922
2025-05-20,1.9043067853341302,-0.039497950257945336
2025-05-21,1.8739716289472723,-0.054798520582653
2025-05-22,1.866329804298962,-0.058652935372853654
2025-05-23,1.8553652403131404,-0.0641832870283836
2025-05-27,1.8893022536315023,-0.047065997364002965
2025-05-28,1.8776389600382182,-0.05294877711848833
2025-05-29,1.8940740663834876,-0.04465917091956373
2025-05-30,1.8937854167780261,-0.044804761188861786
2025-06-02,1.8986516694451974,-0.042350300753506875
2025-06-03,1.9097406415634754,-0.036757199614989466
2025-06-04,1.9030085361690507,-0.04015276648489907
2025-06-05,1.8984731737576344,-0.04244033113889156
2025-06-06,1.924809783402791,-0.029156564183773104
2025-06-09,1.9299036871604176,-0.026587280159754534
2025-06-10,1.9422216846020066,-0.020374278198892593
2025-06-11,1.9368327685088333,-0.023092361752049095
2025-06-12,1.9477806756086993,-0.017570411564825528
2025-06-13,1.936747106932318,-0.02313556808858086
2025-06-16,1.9518360207867789,-0.015524959967448848
2025-06-17,1.9355043221956945,-0.023762408940122492
2025-06-18,1.9369471415949768,-0.02303467378678936
2025-06-20,1.9394757216961207,-0.02175929820718736
2025-06-23,1.9458362100962066,-0.018551169037721027
2025-06-24,1.956517121612886,-0.013163887175421607
2025-06-25,1.9641720269420795,-0.009302874697864616
2025-06-26,1.983357524696522,0.0
2025-06-27,1.9925402889031596,0.0
2025-06-30,1.9920014216342785,-0.00027044234532280775
2025-07-01,2.0060902179082074,0.0
2025-07-02,2.0228478477490066,0.0
2025-07-03,2.0414632177675895,0.0
2025-07-07,2.0282476524283726,-0.006473575043722146
2025-07-08,2.019264366780624,-0.010873990182022952
2025-07-09,2.03650537125704,-0.0024285749884689345
2025-07-10,2.0518135269713342,0.0
2025-07-11,2.0504213018897626,-0.0006785339229274934
2025-07-14,2.04279764667445,-0.004394103157216445
2025-07-15,2.0453662879226466,-0.0031422149059541216
2025-07-16,2.060136498811291,0.0
2025-07-17,2.070630845229471,0.0
2025-07-18,2.067489848782107,-0.0015169272951769397
2025-07-21,2.0712457477821475,0.0
2025-07-22,2.079962191741142,0.0
2025-07-23,2.087319065712075,0.0
2025-07-24,2.0980763324681972,0.0
2025-07-25,2.0987213446019375,0.0
2025-07-28,2.0995877130776814,0.0
2025-07-29,2.0969972951378515,-0.0012337745756917373
2025-07-30,2.0922764710776542,-0.0034822274651770124
2025-07-31,2.094920719792323,-0.0022228141536021484
2025-08-01,2.0507036163878816,-0.023282712308381304
2025-08-04,2.0678320381335413,-0.015124719365780193
2025-08-05,2.0624460006854837,-0.017690002737610566
2025-08-06,2.0799006392672017,-0.009376637940799015
2025-08-07,2.085778922143358,-0.006576905955541945
2025-08-08,2.1031393816356325,0.0
2025-08-11,2.096343913286401,-0.0032311069863314446
2025-08-12,2.10647071629476,0.0
2025-08-13,2.112518672627403,0.0
2025-08-14,2.1214148124935757,0.0
2025-08-15,2.1206088372156553,-0.0003799234704942034
2025-08-18,2.1259594583497092,0.0
2025-08-19,2.120404906915357,-0.0026127268855181685
2025-08-20,2.1162936883568797,-0.0045465448340828996
2025-08-21,2.1109754358681587,-0.007048122400782786
2025-08-22,2.1421077515712734,0.0
2025-08-25,2.1332882097495536,-0.004117226043017896
2025-08-26,2.1372436937405443,-0.0022706877500262568
2025-08-27,2.144076779349582,0.0
2025-08-28,2.145714717653648,0.0
2025-08-29,2.1326744958498063,-0.006077332506765454
2025-09-02,2.1233698819313913,-0.010413702967322136
2025-09-03,2.1253961948224704,-0.009469349612979294
2025-09-04,2.145039912366504,-0.00031448975094039433
2025-09-05,2.1185838138145874,-0.012644226940256242
2025-09-08,2.1188182260457515,-0.01253498024998767
2025-09-09,2.1231596511132476,-0.010511680026627501
2025-09-10,2.1226529359254016,-0.010747832197126606
2025-09-11,2.1382056525492104,-0.0034995635918687595
2025-09-12,2.1466989697982415,0.0
2025-09-15,2.156596283727665,0.0
2025-09-16,2.1569054137327646,0.0
2025-09-17,2.1624731857723445,0.0
2025-09-18,2.1666510498029545,0.0
2025-09-19,2.1808595654619936,0.0
2025-09-22,2.1909048186345546,0.0
2025-09-23,2.1792752697168427,-0.005308103217811055
2025-09-24,2.179934048366275,-0.005007415281106153
2025-09-25,2.184133429273674,-0.003090681668727502
2025-09-26,2.198648844744365,0.0
2025-09-29,2.2070634329451346,0.0
2025-09-30,2.2143997718285995,0.0
2025-10-01,2.2221583461415513,0.0
2025-10-02,2.2232718672602108,0.0
2025-10-03,2.236956658550329,0.0
2025-10-06,2.2430541486503444,0.0
2025-10-07,2.2423379008608997,-0.00031931810022312046
2025-10-08,2.2562110626868206,0.0
2025-10-09,2.2562736660250104,0.0
2025-10-10,2.204540050129862,-0.022928785933263973
2025-10-13,2.231471196640711,-0.010992668911477987
2025-10-14,2.22509014481026,-0.01382080626313742
2025-10-15,2.229816562775021,-0.011726016949265006
2025-10-16,2.2259966974727328,-0.013419014283678643
2025-10-17,2.2322684049663843,-0.010639339287648264
2025-10-20,2.2557325696334716,-0.00023981859988297938
2025-10-21,2.249883752416887,-0.002832064968156467
2025-10-22,2.238697745567659,-0.007789799935180697
2025-10-23,2.2511500620606673,-0.0022708255835692803
2025-10-24,2.270350640532021,0.0
2025-10-27,2.297684757755125,0.0
2025-10-28,2.304913689497697,0.0
2025-10-29,2.331091129194042,0.0
2025-10-30,2.3147492219043833,-0.00701041116968637
2025-10-31,2.3290369648887137,-0.0008812029180680359
2025-11-03,2.3307238312709937,-0.0001575648066470814
2025-11-04,2.3080524106615234,-0.00988323375435085
2025-11-05,2.3078943001294383,-0.00995106058879125
2025-11-06,2.29128058969512,-0.01707807086576074
2025-11-07,2.2996799734777227,-0.013474872484791844
2025-11-10,2.3316097112695693,0.0
2025-11-11,2.3469317529800886,0.0
2025-11-12,2.344928726672891,-0.0008534659368147901
2025-11-13,2.307995670477984,-0.016590206533557916
2025-11-14,2.3113358315689436,-0.015167003201497442
2025-11-17,2.2979975367161627,-0.020850293666098363
2025-11-18,2.2732824899841195,-0.03138108421876806
2025-11-19,2.281283703639105,-0.027971861242929164
2025-11-20,2.25697439476696,-0.038329771668435764
2025-11-21,2.2656424624087594,-0.03463641005670892
2025-11-24,2.2812447680935604,-0.027988451220671506
2025-11-25,2.2904124467156843,-0.02408221124991694
2025-11-26,2.30727428418689,-0.016897580742534224
2025-11-28,2.3199828040927515,-0.011482629971288238
2025-12-01,2.31479864802773,-0.013691537860679892
2025-12-02,2.3218219883866658,-0.010698975188153215
2025-12-03,2.3214657550422277,-0.01085076202387425
2025-12-04,2.317145275972212,-0.012691667309905452
2025-12-05,2.311236939601701,-0.015209139904926117
2025-12-08,2.2990974950285947,-0.02038161437406727
2025-12-09,2.2899555399278735,-0.02427689385508025
2025-12-10,2.3146594118337056,-0.013750864764347837
2025-12-11,2.325575640202763,-0.009099588324291141
2025-12-12,2.306895845368453,-0.017058829069400483
2025-12-15,2.3007676535495176,-0.019669979483618483
2025-12-16,2.288545176708596,-0.02487783302490776
2025-12-17,2.2731597562984427,-0.03143337959783943
2025-12-18,2.2819626286232157,-0.02768257929715101
2025-12-19,2.294434880986201,-0.022368299345401854
2025-12-22,2.304576816915869,-0.01804693980148253
2025-12-23,2.3205823462900463,-0.01122717209675328
2025-12-24,2.3303149049795997,-0.007080243377076911
2025-12-26,2.3309383642078436,-0.006814594737122981
2025-12-29,2.325219183780078,-0.00925147021102779
2025-12-30,2.3236872381103315,-0.00990421423215293
2025-12-31,2.3118754712813185,-0.014937069070822484
2026-01-02,2.3188667074206424,-0.011958185628452855
2026-01-05,2.3332372137838067,-0.005835081986893309
2026-01-06,2.33293394951727,-0.005964299321888911
2026-01-07,2.311120684824035,-0.015258674697541275
2026-01-08,2.326470254717306,-0.00871840360794518
2026-01-09,2.3342299248152747,-0.005412099499137679
2026-01-12,2.344060619380486,-0.0012233562377589324
2026-01-13,2.3420654014611237,-0.002073495112410395
2026-01-14,2.3391307060349202,-0.0033239342964543894
2026-01-15,2.342982596416815,-0.0016826891358296958
2026-01-16,2.3477471719294085,0.0
2026-01-20,2.3072681313186476,-0.01724165237839248
2026-01-21,2.3184732370504784,-0.012468946924498847
2026-01-22,2.3395475484084405,-0.003492549631836872
2026-01-23,2.3501132988129014,0.0
2026-01-26,2.3662569690625923,0.0
2026-01-27,2.393508491048205,0.0
2026-01-28,2.4003215770963537,0.0
2026-01-29,2.3934123479715512,-0.0028784597825265434
2026-01-30,2.38902259164154,-0.004707279875591497
2026-02-02,2.401978411320849,0.0
2026-02-03,2.4106298467461404,0.0
2026-02-04,2.416873531026344,0.0
2026-02-05,2.379568749226929,-0.015435140200974251
2026-02-06,2.424168614856848,0.0
2026-02-09,2.4379326222331965,0.0
2026-02-10,2.4355292141527762,-0.000985838598861144
2026-02-11,2.444547741692776,0.0
2026-02-12,2.4063950071445843,-0.015607277328841263
2026-02-13,2.3963403414729196,-0.01972037583789399
2026-02-17,2.4019590228023286,-0.01742192151295685
2026-02-18,2.4124138751867172,-0.013145117175665022
2026-02-19,2.41553094856787,-0.011870004676125867
2026-02-20,2.423361755152015,-0.008666628259872078
2026-02-23,2.4195549950198347,-0.01022387341702502
2026-02-24,2.440766363304508,-0.0015468621552262585
2026-02-25,2.456784101239596,0.0
2026-02-26,2.4290716980403775,-0.01127995056026132
2026-02-27,2.418340924283933,-0.015647763650157964
2026-03-02,2.424785244248625,-0.013024692310091845
2026-03-03,2.4071664837966273,-0.020196165148550826
2026-03-04,2.4155336960264764,-0.016790407098575044
2026-03-05,2.3939788509359703,-0.02556400876737064
2026-03-06,2.3657130090333864,-0.0370692288997877
2026-03-09,2.388326938454432,-0.027864541597539372
2026-03-10,2.390622911588044,-0.026929997478479906
2026-03-11,2.3872914921785373,-0.028286005687677473
2026-03-12,2.3646791953015156,-0.03749002848545302
2026-03-13,2.352250593344506,-0.042548919069586355
2026-03-16,2.3763660981007666,-0.032733036288477235
2026-03-17,2.3768853151494027,-0.032521696167717606
2026-03-18,2.3441684240872833,-0.04583865431866452
2026-03-19,2.337522446140992,-0.04854380775194267
2026-03-20,2.309450807112725,-0.059969980289489966
2026-03-23,2.335681112858924,-0.04929329700545049
