Date,portfolio_log_return,portfolio_daily_pct_return
2021-02-24,0.0075965422347569755,0.7625469163538373
2021-02-25,-0.022214259291166685,-2.1969339555687655
2021-02-26,-0.00695035205949185,-0.6926254224416842
2021-03-01,0.02245783719994343,2.2711912857497505
2021-03-02,-0.012353078092368974,-1.2277092032263548
2021-03-03,-0.01702549585838632,-1.6881381137709168
2021-03-04,-0.009514841252891803,-0.946971837659511
2021-03-05,0.016423318620487053,1.6558922656733133
2021-03-08,-0.012409459495815258,-1.2332779666142584
2021-03-09,0.018172498484421786,1.8338623109076266
2021-03-10,0.006746905193293146,0.6769716831933714
2021-03-11,0.00862745274453497,0.866477647398772
2021-03-12,0.004514128383957785,0.4524332409807851
2021-03-15,0.00298735151437713,0.29918180955542334
2021-03-16,-0.00024671738588274533,-0.024668695365126857
2021-03-17,0.0015906463909061434,0.15919121399073194
2021-03-18,-0.021564289402040592,-2.133344244115503
2021-03-19,-0.0036046983456496,-0.3598209220023129
2021-03-22,0.009321525582950855,0.9365106310249209
2021-03-23,-0.0013236273966915923,-0.13227517883179757
2021-03-24,-0.00480075007700774,-0.4789244894888038
2021-03-25,0.0002580036890394271,0.02580369748537655
2021-03-26,0.015532400728608217,1.5653655443646213
2021-03-29,0.0022071869576861217,0.22096245879245158
2021-03-30,-0.0060874490086874015,-0.6068958030958249
2021-03-31,0.00674565102970155,0.676845417880153
2021-04-01,0.012221405667651255,1.2296392214865792
2021-04-05,0.011611068121539319,1.1678738226786742
2021-04-06,-0.0026464588845491284,-0.2642960099379586
2021-04-07,0.008348242457660433,0.8383186205667333
2021-04-08,0.005120958626469966,0.5134093145969508
2021-04-09,0.005551753752196525,0.5567193296017118
2021-04-12,0.0035980582784247497,0.36045390605249916
2021-04-13,0.005186888236704485,0.5200363429527025
2021-04-14,-0.00519304088472896,-0.517958035834815
2021-04-15,0.01334226997857219,1.343167524322995
2021-04-16,0.0018755248983081682,0.18772847952017535
2021-04-19,-0.007056346510070375,-0.703150895217722
2021-04-20,-0.006574944055718266,-0.655337640563565
2021-04-21,0.004384622417794196,0.43942489390788764
2021-04-22,-0.014180767619929237,-1.4080694132881912
2021-04-23,0.010684620199222034,1.074190459249846
2021-04-26,0.0015765195423013056,0.15777629025429912
2021-04-27,-0.00010397242572128182,-0.010396702077595
2021-04-28,-6.5711506659215e-05,-0.006570934770545092
2021-04-29,0.003329395789476645,0.3334944383751411
2021-04-30,-0.007728007552417246,-0.7698223275808732
2021-05-03,0.0014953386254042854,0.14964572016872213
2021-05-04,-0.007619856262514424,-0.7590898755145087
2021-05-05,0.0018678152309630136,0.1869560684390516
2021-05-06,0.009045429874939528,0.9086463404405789
2021-05-07,0.007723097825743063,0.7752997869846184
2021-05-10,-0.008725522643371364,-0.8687565748812249
2021-05-11,-0.008223245696371688,-0.8189527299668401
2021-05-12,-0.017813388429513206,-1.7655667926588046
2021-05-13,0.009782918599387866,0.9830927776457857
2021-05-14,0.01660238017767173,1.6740965578352134
2021-05-17,0.0005846425880146886,0.05848135248032346
2021-05-18,-0.011349680372885916,-1.1285515729420892
2021-05-19,-0.0033183097057444336,-0.3312810200794772
2021-05-20,0.010590160284960376,1.0646434507968974
2021-05-21,0.0009767617173903013,0.09772389044699575
2021-05-24,0.011957697133553494,1.2029476212763006
2021-05-25,-0.0038053155866528037,-0.37980845483312353
2021-05-26,0.0010279330159059406,0.10284615201219996
2021-05-27,-0.00547499351434002,-0.5460033052611643
2021-05-28,0.004033000967293662,0.4041144459585235
2021-06-01,-0.0005304422939191873,-0.05303016342773052
2021-06-02,0.006791233257820624,0.6814345974060187
2021-06-03,-0.000844047468434306,-0.08436913605675153
2021-06-04,0.009500850413252477,0.9546126766896914
2021-06-07,-0.0015156794684881764,-0.15145314064671772
2021-06-08,0.0005396890550462214,0.05398347133865152
2021-06-09,-3.601767833811599e-05,-0.003601702970932694
2021-06-10,0.0010215868719436754,0.10221088695523067
2021-06-11,-0.0012788192915386628,-0.12780019505960385
2021-06-14,0.0035420822586986448,0.35483628453244637
2021-06-15,-0.0011351151435048663,-0.11344711440046021
2021-06-16,-0.0009610836058561918,-0.09606219129278157
2021-06-17,0.0030736817516754033,0.3078410354930019
2021-06-18,-0.012190128134885556,-1.2116129512343083
2021-06-21,0.011146830433933528,1.1209187828680904
2021-06-22,0.008146753498484614,0.8180028594723461
2021-06-23,0.0005491690296702408,0.05493198505892777
2021-06-24,0.003206943085986153,0.3212090829333587
2021-06-25,-0.0004995265967175126,-0.04994018540787183
2021-06-28,0.008406732494025064,0.8442168299813585
2021-06-29,-9.239502296628957e-05,-0.009239075467761234
2021-06-30,0.00258512019953115,0.25884645039428655
2021-07-01,0.0042342787219628135,0.4243255946328287
2021-07-02,0.011105842159365425,1.1167740958268049
2021-07-06,0.0013805163594372838,0.13814697108018645
2021-07-07,0.0028581005343917484,0.286218879768542
2021-07-08,-0.007278559527356478,-0.7252134962749385
2021-07-09,0.009646057809647512,0.9692730975255526
2021-07-12,0.003306523441627958,0.3311996020337199
2021-07-13,-0.003747001941714079,-0.37399906897304497
2021-07-14,-0.00026074759032496965,-0.026071359862652153
2021-07-15,-0.00718943100868235,-0.716364887286323
2021-07-16,-0.012510775906525771,-1.2432841494844982
2021-07-19,-0.012396137138698022,-1.2319621523071764
2021-07-20,0.009560588191622444,0.9606436611042088
2021-07-21,0.010196302349744037,1.0248461767545411
2021-07-22,0.002681203339382655,0.2684800979672724
2021-07-23,0.006548567454174144,0.6570056203257151
2021-07-26,0.00376852429115931,0.37756341071918315
2021-07-27,-0.0052266944622565165,-0.5213059061124338
2021-07-28,-0.00011333658546532483,-0.011333016311715367
2021-07-29,0.003958005385903564,0.39658486336793203
2021-07-30,-0.013312946627787781,-1.3224721300817084
2021-08-02,0.0007457459564644445,0.07460240941159486
2021-08-03,0.010638873305691002,1.0695667347814932
2021-08-04,-0.004922374371405608,-0.49102793402411593
2021-08-05,0.007657248928448433,0.7686640630990577
2021-08-06,0.0006999462521603772,0.07001912717018359
2021-08-09,-0.0011886432297270278,-0.11879370731803514
2021-08-10,0.0015710998833941363,0.157233470740855
2021-08-11,0.005026746506910964,0.5039401793219773
2021-08-12,0.006248279674135056,0.6267840893679222
2021-08-13,0.0011810382297779418,0.1181735930071245
2021-08-16,0.0008103877437729331,0.08107161966392955
2021-08-17,-0.00821110238107307,-0.8177483359255394
2021-08-18,-0.013687946991568807,-1.3594693015200048
2021-08-19,0.001914417472727704,0.191625113980571
2021-08-20,0.012326886429522224,1.2403175641255426
2021-08-23,0.01319327453484176,1.328068978943827
2021-08-24,0.00025458330822109075,0.025461571730171512
2021-08-25,0.0029720821803110617,0.29765031953426613
2021-08-26,-0.005323954627766264,-0.5309807498686198
2021-08-27,0.007390306940611047,0.7417682655708763
2021-08-30,0.005519323530558069,0.5534583057847653
2021-08-31,-0.00392000672413079,-0.3912333527374219
2021-09-01,0.0007619765309489854,0.07622669088148669
2021-09-02,0.006285338819846597,0.6305133011222481
2021-09-03,0.0007106348361155697,0.07108873968733348
2021-09-07,-0.0026435843109554494,-0.26400931190485466
2021-09-08,-0.002427207369223315,-0.242426408322012
2021-09-09,-0.007175742059770491,-0.7150057893751918
2021-09-10,-0.006707869601952644,-0.6685422064416541
2021-09-13,0.003746433068100228,0.37534597206880593
2021-09-14,-0.005434697689044112,-0.5419956436398993
2021-09-15,0.009582614367894069,0.9628674625288162
2021-09-16,-0.003501052950242194,-0.34949314103908374
2021-09-17,-0.012222345239256091,-1.214795575742707
2021-09-20,-0.02292189583427524,-2.266118497487814
2021-09-21,0.0011395301204939134,0.11401796316307412
2021-09-22,0.013256725751294614,1.334498572161958
2021-09-23,0.01410804263786557,1.4208030730157584
2021-09-24,-0.0006708931263487191,-0.06706681278746843
2021-09-27,-0.002979545810778794,-0.2975111369459875
2021-09-28,-0.01621149966062886,-1.6080800529429844
2021-09-29,0.0010524473696652747,0.10530013867391225
2021-09-30,-0.010202335496641003,-1.0150468210861288
2021-10-01,0.010682714298261753,1.0739978220367639
2021-10-04,-0.013900984659719876,-1.3804812119215262
2021-10-05,0.010471122773652829,1.052613683170335
2021-10-06,0.006179984265758333,0.6199119767244435
2021-10-07,0.008891587157222897,0.8931234741170462
2021-10-08,-0.0009642961920484402,-0.09638314078839784
2021-10-11,-0.008918324585794333,-0.8878674288043132
2021-10-12,-0.005103763401402263,-0.5090761330209878
2021-10-13,0.0023808754146153136,0.23837119491836997
2021-10-14,0.017641953131762936,1.7798491579958646
2021-10-15,0.011435288016090494,1.1500920860336477
2021-10-18,0.0021775166185305857,0.21798891295907977
2021-10-19,0.008691420028857854,0.8729300084208965
2021-10-20,0.0037526353447889455,0.3759685296678857
2021-10-21,0.0001735592879964727,0.017357435028108482
2021-10-22,-0.00045491916240438836,-0.04548157023714722
2021-10-25,0.0032665685180200297,0.3271909567012211
2021-10-26,0.014260890732867746,1.436306234343215
2021-10-27,-0.004654447657872842,-0.4643632502404181
2021-10-28,0.013631002178460278,1.3724327847341176
2021-10-29,-9.918166666425835e-05,-0.009917674832536156
2021-11-01,0.00033766661622550457,0.03377236320146234
2021-11-02,0.006457299042190655,0.6478192344875352
2021-11-03,0.0015693839824512082,0.1570616109969487
2021-11-04,0.01341466038697597,1.3505040631533307
2021-11-05,0.0035909025048849047,0.35973575194146845
2021-11-08,0.005636730653963612,0.5652646911362356
2021-11-09,0.0006216974825798477,0.06218907765144795
2021-11-10,-0.012070314258542285,-1.1997760225443017
2021-11-11,0.0035355758807338097,0.3541833401611338
2021-11-12,0.006020337375511241,0.6038496028685566
2021-11-15,-0.0002903544524382963,-0.029031230366373107
2021-11-16,0.0007782165807993612,0.07785194698886848
2021-11-17,-0.00255605281640415,-0.2552788894914845
2021-11-18,0.012773766286914652,1.2855699332340094
2021-11-19,0.00046642103916275915,0.04665298303691577
2021-11-22,-0.0040811640760953635,-0.4072847443681264
2021-11-23,0.00690867083664573,0.6932590756232329
2021-11-24,0.003402015187037218,0.34078086086100656
2021-11-26,-0.02535622222765696,-2.5037453167910746
2021-11-29,0.014966955083811222,1.5079520843805236
2021-11-30,-0.014531546709234336,-1.4426473359515626
2021-12-01,-0.004343152883247128,-0.43337350340830044
2021-12-02,0.00865209787947149,0.8689635459834906
2021-12-03,-0.009261003767738547,-0.9218252746588348
2021-12-06,0.011114943536900523,1.1176944019510024
2021-12-07,0.022940753692400367,2.3205916578920296
2021-12-08,0.0007733022002700944,0.07736012755034428
2021-12-09,-0.005273062544758959,-0.5259184354695171
2021-12-10,0.005845325766687247,0.5862443019066301
2021-12-13,-0.012210035359012104,-1.2135795342217193
2021-12-14,-0.003897333341989315,-0.38897485950284405
2021-12-15,0.017136668727933135,1.728434378229253
2021-12-16,-0.01213602059707563,-1.2062676102365697
2021-12-17,-0.015219479995729415,-1.51042490358258
2021-12-20,-0.01136594089936449,-1.1301592616762444
2021-12-21,0.01676237621234647,1.6903653115469401
2021-12-22,0.009993654808181776,1.0043758142444883
2021-12-23,0.004536173638248876,0.4546477648255224
2021-12-27,0.013459323367419535,1.355030779821825
2021-12-28,-0.0011112748649908123,-0.11106576277392852
2021-12-29,-0.0006975105819064612,-0.069726737794959
2021-12-30,-0.004290317873214929,-0.42811276072400856
2021-12-31,-0.0021400829020179544,-0.2137794557311077
2022-01-03,0.011379666648931018,1.1444661360864798
2022-01-04,0.0031801015376751183,0.3185163424919607
2022-01-05,-0.015462834554717954,-1.5343898745843925
2022-01-06,-0.0020065684054677126,-0.20045565929229406
2022-01-07,0.000967702056396339,0.09681704311015198
2022-01-10,-0.005247383322000542,-0.523363985572329
2022-01-11,0.008038721418968307,0.8071118692695082
2022-01-12,0.0030058175545567695,0.3010339553775505
2022-01-13,-0.015358660421655923,-1.5241317707078914
2022-01-14,-0.0004794970402599054,-0.04793820999260137
2022-01-18,-0.017524282575279094,-1.7371625372107662
2022-01-19,-0.007604843485721393,-0.7575999826983865
2022-01-20,-0.010803673088006168,-1.0745523011779623
2022-01-21,-0.018279009701716656,-1.8112961873073454
2022-01-24,-0.0008193417438656125,-0.08190061750737558
2022-01-25,-0.013548221669866238,-1.3456857587026951
2022-01-26,0.0014027733688538272,0.14037577156340164
2022-01-27,-0.0019345745973189028,-0.1932704514015548
2022-01-28,0.016249597594578138,1.6382340336267371
2022-01-31,0.02358213774790159,2.3862395044213924
2022-02-01,0.00817427363417808,0.820777422769387
2022-02-02,0.006661795458561332,0.6684034574646941
2022-02-03,-0.02532312089888484,-2.500518007796942
2022-02-04,0.017765687955655984,1.7924436488797773
2022-02-07,0.00018303409231675339,0.018305084407826074
2022-02-08,0.007155640224442785,0.7181302992614517
2022-02-09,0.011527661895100055,1.159436143968603
2022-02-10,-0.01652513971309199,-1.6389348609723902
2022-02-11,-0.018274057464823943,-1.8108099323818527
2022-02-14,-0.0014463908670998614,-0.144534534796684
2022-02-15,0.01761332541727901,1.7769354752401902
2022-02-16,0.0022768562731183203,0.2279450278714912
2022-02-17,-0.02214410176976747,-2.1900720941670646
2022-02-18,-0.011515816247079914,-1.144976303053119
2022-02-22,-0.009483534122575672,-0.9438707230553789
2022-02-23,-0.02086975962855426,-2.0653493283480153
2022-02-24,0.01221547329123176,1.229038690943196
2022-02-25,0.02250823376341845,2.276345532210112
2022-02-28,-0.002309268523277206,-0.2306604213984042
2022-03-01,-0.016243822690702205,-1.6112603265320908
2022-03-02,0.018369153753128382,1.8538904457183794
2022-03-03,-0.0028189726766336344,-0.28150031040727685
2022-03-04,-0.0058974181422844375,-0.588006250648643
2022-03-07,-0.016246736716647028,-1.611547033454442
2022-03-08,-0.004923203430049599,-0.49111043276336375
2022-03-09,0.01657836443262131,1.6716548079743865
2022-03-10,-0.0004176324303107777,-0.0417545234026442
2022-03-11,-0.012256605923419006,-1.2181799664553536
2022-03-14,-0.010805040410275399,-1.0746875640531204
2022-03-15,0.02404897085065032,2.434047948701952
2022-03-16,0.019781643731741856,1.9978596988829902
2022-03-17,0.01282257100837314,1.290513267890419
2022-03-18,0.011469526083959188,1.15355532903845
2022-03-21,0.007269105709652889,0.7295589791534051
2022-03-22,0.008212967572919118,0.8246786512312683
2022-03-23,-0.007093493046289444,-0.7068393607121496
2022-03-24,0.016757250679061135,1.689844095530494
2022-03-25,0.0050394589935161,0.5052178424363909
2022-03-28,0.0051541244185744975,0.5167429767154632
2022-03-29,0.00621492148496684,0.6234274180554296
2022-03-30,-0.0033058263180613147,-0.33003680905460286
2022-03-31,-0.015350770356565051,-1.5233547866324588
2022-04-01,-8.317030848214351e-05,-0.008316684992792067
2022-04-04,0.009498146522154504,0.9543397067802162
2022-04-05,-0.013853202417435512,-1.3757688375978177
2022-04-06,-0.012268896449424062,-1.2193940395224894
2022-04-07,0.0021998897659904495,0.22023112988579185
2022-04-08,-0.00558484379392208,-0.556927754565744
2022-04-11,-0.022751396603174483,-2.249453525197033
2022-04-12,-0.0017639356187489734,-0.1762380798650645
2022-04-13,0.009718199505095792,0.9765574548247722
2022-04-14,-0.011344166683707245,-1.1280064250039306
2022-04-18,0.0035843620141607162,0.35907935216729164
2022-04-19,0.015511419125786897,1.563234562560152
2022-04-20,-0.00140097013712307,-0.13999892365847755
2022-04-21,-0.021517887566255306,-2.1288029462648
2022-04-22,-0.027729936572243943,-2.734899119990171
2022-04-25,0.006808807864224139,0.6832040495398763
2022-04-26,-0.028015627048394866,-2.7626828640089465
2022-04-27,0.0036583393757050283,0.36650392668661197
2022-04-28,0.026844282122548392,2.7207835685071133
2022-04-29,-0.04350983230218614,-4.257685962894841
2022-05-02,0.007927235543514974,0.7958739265984189
2022-05-03,0.004552059404314328,0.456243576535414
2022-05-04,0.028414543387826237,2.882208742763807
2022-05-05,-0.03943931866924159,-3.8671713099534157
2022-05-06,-0.0006975950598518632,-0.06973517969877106
2022-05-09,-0.038566652152282305,-3.783242793698344
2022-05-10,0.0032403900649697615,0.3245645804204799
2022-05-11,-0.01851096038159649,-1.8340684827864118
2022-05-12,-0.00892235944899426,-0.8882673318939133
2022-05-13,0.027325319551739887,2.770207996706329
2022-05-16,-0.00083645790156072,-0.08361081681693946
2022-05-17,0.023966987495386446,2.4256504059919237
2022-05-18,-0.04137706530598434,-4.053272009194229
2022-05-19,-0.007220947869578482,-0.7194939464941119
2022-05-20,-0.00372214469000385,-0.3715226096121596
2022-05-23,0.026257632484878723,2.6605401306687653
2022-05-24,-0.002992659894730187,-0.2988186351817609
2022-05-25,0.010893514927238125,1.0953065302164413
2022-05-26,0.017866339295687123,1.802689710369341
2022-05-27,0.02624893170252604,2.659646907538755
2022-05-31,-0.0023285900541956256,-0.23258809915487977
2022-06-01,-0.0015904840682479217,-0.15892199187542758
2022-06-02,0.018259628833894523,1.8427355174761164
2022-06-03,-0.01366379782121655,-1.3570871857775864
2022-06-06,0.0032442717121767784,0.324954005742184
2022-06-07,0.010862731727787737,1.0921945411307596
2022-06-08,-0.0068754901856668505,-0.6851908080150557
2022-06-09,-0.026021023209809906,-2.5685393826950134
2022-06-10,-0.03462936544027828,-3.403663067332258
2022-06-13,-0.042126245958128555,-4.12512652207525
2022-06-14,-0.005154882356337416,-0.5141618750845834
2022-06-15,0.018034214778875596,1.8197813206853855
2022-06-16,-0.03128318907238292,-3.079893294182455
2022-06-17,-0.0014811074564585712,-0.14800111581217934
2022-06-21,0.03041281343587652,3.0880007244696093
2022-06-22,-0.005266268314320428,-0.5252425833407616
2022-06-23,0.006195971434409151,0.621520617085614
2022-06-24,0.02771544400120388,2.81030898920255
2022-06-27,-0.00388468496503241,-0.3877149337398121
2022-06-28,-0.021861959405335554,-2.1624718764305437
2022-06-29,-0.003833371716833651,-0.3826033726882827
2022-06-30,-0.01353442714894765,-1.3443248603147355
2022-07-01,0.010966779404443391,1.1027134963277205
2022-07-05,0.0013026567504894801,0.13035055763305012
2022-07-06,0.00266776235940975,0.2671324003915703
2022-07-07,0.02086566048205221,2.1084870374032727
2022-07-08,-0.0021759869959695165,-0.21736212525196402
2022-07-11,-0.013777170756990816,-1.3682699884710956
2022-07-12,-0.011410097273309744,-1.134524898949728
2022-07-13,0.0006651475114160479,0.06653687710760708
2022-07-14,-0.0032495222589912246,-0.3244248275724003
2022-07-15,0.015558846289119695,1.5680515329010745
2022-07-18,-0.005094860814151779,-0.5081904024479896
2022-07-19,0.023916795030756194,2.4205095391741587
2022-07-20,0.009893804853760076,0.9942910354137756
2022-07-21,0.0063262828648439386,0.6346336057373481
2022-07-22,-0.008100842472827776,-0.8068119070437542
2022-07-25,0.0024318399015839666,0.24347992226162068
2022-07-26,-0.01505017217128381,-1.493748436204064
2022-07-27,0.031109933125749955,3.1598904545260966
2022-07-28,0.014099534071068074,1.419940131009361
2022-07-29,0.02084093758316477,2.1059626508079035
2022-08-01,-0.0022118582567701582,-0.22094139008179023
2022-08-02,-0.01119848652629176,-1.1136016881992554
2022-08-03,0.014645861776323467,1.4753637925306393
2022-08-04,-0.0012712480852082922,-0.12704403916571014
2022-08-05,0.0020036865859191892,0.2005695307278455
2022-08-08,-0.010019497857714327,-0.9969469913429835
2022-08-09,-0.00043629157298674844,-0.043619641165828386
2022-08-10,0.022863438275582997,2.3126810045106723
2022-08-11,-0.0009225096348767164,-0.09220842536796357
2022-08-12,0.015308820939110235,1.5426601196475491
2022-08-15,0.003005875913884139,0.30103980887859744
2022-08-16,0.0019143052923954076,0.19161387445140282
2022-08-17,-0.005527160312566934,-0.55119136651615
2022-08-18,0.0038303321232303787,0.38376772203771675
2022-08-19,-0.014058604062402258,-1.396024336584535
2022-08-22,-0.01990381081654017,-1.97070376485105
2022-08-23,0.002901001177998481,0.29052131539133846
2022-08-24,-0.00032353386664896535,-0.03234815352113472
2022-08-25,0.016096423795384476,1.622666911444532
2022-08-26,-0.036718183092282385,-3.6052246150896012
2022-08-29,-0.006298731902025237,-0.6278936474076129
2022-08-30,-0.014527917853834473,-1.44228968492122
2022-08-31,-0.01110075360937643,-1.103936759765861
2022-09-01,-0.004651711976801047,-0.4640909521105326
2022-09-02,-0.009961572114228092,-0.9912119997898289
2022-09-06,-0.004133748118867258,-0.4125215942783211
2022-09-07,0.013480208480077206,1.3571476131631577
2022-09-08,0.00649017835430895,0.6511285199533885
2022-09-09,0.016815823018846945,1.6958004820696686
2022-09-12,0.01388383963753236,1.3980667735391048
2022-09-13,-0.047334460438469866,-4.623165354100067
2022-09-14,0.0072171317893259266,0.72432380512789
2022-09-15,-0.014484817647084883,-1.438041735686786
2022-09-16,-0.004755298695508007,-0.474401016320238
2022-09-19,0.008313239455723775,0.834789038478113
2022-09-20,-0.009755025334420159,-0.9707599413750058
2022-09-21,-0.018067662995183198,-1.790542135064702
2022-09-22,-0.0068497491255440825,-0.6826343066371768
2022-09-23,-0.018592627411936402,-1.8420850755438565
2022-09-26,-0.008118827255914783,-0.8085958589732721
2022-09-27,-0.0008312029175423358,-0.08308575640901636
2022-09-28,0.01707759583053794,1.7224251623556983
2022-09-29,-0.023379969028743633,-2.3108775165593887
2022-09-30,-0.016397716965795364,-1.626400625268938
2022-10-03,0.029465394871205287,2.9903794901753282
2022-10-04,0.03315782668038827,3.371367396509476
2022-10-05,0.0007399883626539175,0.07402622215889916
2022-10-06,-0.008742500049116437,-0.8704395519365342
2022-10-07,-0.032567030948606225,-3.2042435457092755
2022-10-10,-0.009294191016445902,-0.9251133521234914
2022-10-11,-0.007485217159881283,-0.7457272688863552
2022-10-12,-0.001994810952567885,-0.1992822639522272
2022-10-13,0.02586681080854859,2.6204260055273476
2022-10-14,-0.024574515363916524,-2.4275020292481027
2022-10-17,0.03185245162129076,3.236517025989258
2022-10-18,0.010478893603348579,1.0533989488726563
2022-10-19,-0.0014762532358767195,-0.1475164110076256
2022-10-20,-0.005564489298807408,-0.554903620437492
2022-10-21,0.028549310837241285,2.896074849955218
2022-10-24,0.010774846152726003,1.0833103858795248
2022-10-25,0.014586316168562687,1.46932156021685
2022-10-26,-0.014457364122020944,-1.4353358253520072
2022-10-27,-0.0006608803439087478,-0.06606620105943127
2022-10-28,0.025783059376403194,2.6118317577773165
2022-10-31,-0.010885999474734016,-1.082696140611404
2022-11-01,-0.006052908651726564,-0.6034626705069469
2022-11-02,-0.024194203353917622,-2.3903869792219457
2022-11-03,-0.006056814576387517,-0.6038509051351074
2022-11-04,0.02084061916587318,2.1059301385089975
2022-11-07,0.007147758585356876,0.7173364784373342
2022-11-08,0.005055408202820199,0.5068208339751037
2022-11-09,-0.02520885523864881,-2.4893765285823157
2022-11-10,0.06197615608416884,6.393697600188454
2022-11-11,0.01384784361264397,1.394416911894539
2022-11-14,-0.007151060651589248,-0.7125552656657433
2022-11-15,0.004723669714807557,0.47348438299432943
2022-11-16,-0.0062949679250414205,-0.6275196123825393
2022-11-17,-0.005033987051039312,-0.5021337772560044
2022-11-18,0.0009044500525778912,0.09048591908657798
2022-11-21,-0.0038857181353920247,-0.387817850147031
2022-11-22,0.016638019866114535,1.6777202555325832
2022-11-23,0.008121381160455497,0.8154449034751743
2022-11-25,-0.004641546761150105,-0.4630791429874279
2022-11-28,-0.015855749367973362,-1.573070871732877
2022-11-29,-0.005319290828076709,-0.5305168452057422
2022-11-30,0.03298260855841839,3.353256446378472
2022-12-01,-0.001405978706010145,-0.14049907810040174
2022-12-02,-0.0034550327569322697,-0.3449070999255625
2022-12-05,-0.01621638644390638,-1.6085608717571946
2022-12-06,-0.018138574694337745,-1.7975060876791769
2022-12-07,0.0003002297397672292,0.03002748132262343
2022-12-08,0.014989076082327779,1.5101975664740626
2022-12-09,-0.008820706550065872,-0.8781918248568117
2022-12-12,0.02033069323861713,2.0538769501678678
2022-12-13,0.01113348870771844,1.119569664254877
2022-12-14,-0.006013043256710078,-0.5995001092990266
2022-12-15,-0.025696180318325636,-2.5368843241245354
2022-12-16,-0.010336465171982796,-1.0283227503517944
2022-12-19,-0.009205707243303031,-0.9163464444703711
2022-12-20,0.003040519107358976,0.30451461739530816
2022-12-21,0.016429420563641932,1.6565125660417943
2022-12-22,-0.022947515146923142,-2.2686223402808174
2022-12-23,0.00605466507961245,0.6073031613251936
2022-12-27,-0.009060120523786033,-0.9019201302770649
2022-12-28,-0.011984408359383695,-1.1912881358919005
2022-12-29,0.016820288929345582,1.696254647426839
2022-12-30,-0.0005976605728237451,-0.05974820093188183
2023-01-03,-0.006519349445744423,-0.649814459278577
2023-01-04,0.002304719743013132,0.23073776510788846
2023-01-05,-0.01248672866413035,-1.2409092942460196
2023-01-06,0.023482575814490148,2.3760462399005866
2023-01-09,0.0017347389870758887,0.1736244517193928
2023-01-10,0.009959033343553931,1.0008789553535153
2023-01-11,0.013822147435373189,1.3918114964580555
2023-01-12,0.006785217293545975,0.6808289033142794
2023-01-13,0.01040367031879788,1.0457976661890194
2023-01-17,0.0017088038277158792,0.17102646649529374
2023-01-18,-0.017540722533773024,-1.7387779609013645
2023-01-19,-0.01345448648033701,-1.336437944443371
2023-01-20,0.01906923280597486,1.9252211865357522
2023-01-23,0.013066134959680316,1.3151869902245537
2023-01-24,0.0052566092286768255,0.5270449439200958
2023-01-25,-0.006489070021277005,-0.6468061472949248
2023-01-26,0.01482102024664064,1.493139618775237
2023-01-27,0.005111863438424077,0.512495130395446
2023-01-30,-0.02059055253235447,-2.038001461235023
2023-01-31,0.008840997073854495,0.8880194116977522
2023-02-01,0.010855317841521918,1.0914450578763648
2023-02-02,0.01642715056437051,1.6562818060942464
2023-02-03,-0.009633890115898519,-0.9587632861464156
2023-02-06,-0.0030342242771820866,-0.30296256709433234
2023-02-07,0.015308747035902832,1.5426526153195552
2023-02-08,-0.008188998541039494,-0.8155560030711887
2023-02-09,-0.009857612379886145,-0.9809185374482742
2023-02-10,0.002415583583907642,0.24185034565251756
2023-02-13,0.013655103316760257,1.3748760051985467
2023-02-14,0.0026788682970287987,0.26824596709283977
2023-02-15,0.002027288976501717,0.202934531616229
2023-02-16,-0.01660209825787394,-1.6465042941386758
2023-02-17,-0.00543103257333635,-0.541631117877856
2023-02-21,-0.020698665772581365,-2.0485918778237093
2023-02-22,-0.0013283291272931795,-0.1327447288658504
2023-02-23,0.015624557888695004,1.5747259513240026
2023-02-24,-0.010229616586411356,-1.0177472016448874
2023-02-27,0.0038106193177456734,0.38178889585496234
2023-02-28,-0.004890235146278346,-0.4878297413752636
2023-03-01,-0.005726170377369092,-0.5709807111621036
2023-03-02,0.010169669856488591,1.0221556690477298
2023-03-03,0.01916297161510454,1.9347759832106917
2023-03-06,0.001361498110016107,0.13624253693407518
2023-03-07,-0.015579495358214719,-1.5458762817586502
2023-03-08,0.0036375178108261712,0.3644141607696122
2023-03-09,-0.018899143011658518,-1.8721673971184554
2023-03-10,-0.011425892718798425,-1.136086510839189
2023-03-13,0.003977325849952718,0.39852459071459834
2023-03-14,0.01849351678423077,1.8665580919408933
2023-03-15,-0.006282057120721089,-0.6262366254512499
2023-03-16,0.01933295229700577,1.9521043986479798
2023-03-17,-0.007852362393040501,-0.7821613132881426
2023-03-20,0.006629323476453978,0.6651346079421462
2023-03-21,0.01377354966220593,1.3868841999307224
2023-03-22,-0.012824587628441367,-1.2742703023729933
2023-03-23,0.0038525477962178182,0.38599783976636803
2023-03-24,0.002536463218347898,0.25396827626867097
2023-03-27,0.0007788993025764463,0.07792027234112019
2023-03-28,-0.0007550807655133096,-0.07547957637697106
2023-03-29,0.01506143094840531,1.5175425889453424
2023-03-30,0.007659090184928014,0.768849604225517
2023-03-31,0.011679049215156828,1.1747515591554731
2023-04-03,0.007569680044744092,0.7598402500260434
2023-04-04,-0.006089885372222642,-0.6071379605355527
2023-04-05,-0.001017352556366633,-0.10168352287044055
2023-04-06,0.002510501319946447,0.25136552671624607
2023-04-10,2.710722653770305e-05,0.0027107593941888093
2023-04-11,-0.004403289269162926,-0.43936090045161963
2023-04-12,-0.004743981089570791,-0.47327461843622387
2023-04-13,0.014459099269868797,1.456413768877386
2023-04-14,0.006286659312390416,0.6306461830524777
2023-04-17,0.002960562322813011,0.2964949115502762
2023-04-18,0.00275415508025732,0.2757951249640086
2023-04-19,0.004696797696182044,0.47078449392651656
2023-04-20,-0.006427443253902822,-0.6406831424609225
2023-04-21,0.004279008828526217,0.4288176858833458
2023-04-24,0.0016557865465299808,0.16571581179792014
2023-04-25,-0.016260648309219146,-1.6129157640052805
2023-04-26,0.0031135970652474546,0.3118449343295763
2023-04-27,0.017621314690149062,1.777748602197722
2023-04-28,0.004898162747543002,0.4910178356819945
2023-05-01,-0.0013459113090141927,-0.13450059765995898
2023-05-02,-0.0084073864529312,-0.8372143216442541
2023-05-03,-0.00855271529178186,-0.8516244870124235
2023-05-04,-0.0074382678662200845,-0.7410672414971324
2023-05-05,0.020129855813042146,2.033382770319297
2023-05-08,0.0014072642275936176,0.14082548885494892
2023-05-09,-0.006325262950085852,-0.6305300585636079
2023-05-10,0.008247438746234396,0.8281542561072568
2023-05-11,-0.004498555786896886,-0.44884524406463355
2023-05-12,-0.002607888777930148,-0.2604491190143232
2023-05-15,0.0034377239370739603,0.34436396869702895
2023-05-16,-0.0032183723472676076,-0.3213198938458237
2023-05-17,0.012864677817187777,1.2947783779617836
2023-05-18,0.011157254365031235,1.1219728658518546
2023-05-19,-0.0026868450795308565,-0.26832387419033815
2023-05-22,-0.006037915817176759,-0.6019724234964567
2023-05-23,-0.0074759312821526674,-0.7448056015664931
2023-05-24,-0.0011597252059820913,-0.11590529845945374
2023-05-25,0.021232955312644405,2.145997845192897
2023-05-26,0.013187231179034637,1.3274566192200943
2023-05-30,0.0008588342711085149,0.08592031748626336
2023-05-31,-0.011817774312759469,-1.1748218685099752
2023-06-01,0.014211768419498215,1.431323570702308
2023-06-02,0.017412296316559356,1.756477405830146
2023-06-05,-0.0031576937077142622,-0.3152713436374661
2023-06-06,0.00011839434726300499,0.011840135615033838
2023-06-07,-0.00422599206999578,-0.42170751309015464
2023-06-08,0.009904433563674993,0.9953644801409102
2023-06-09,-0.00046214985744145163,-0.04620430826453707
2023-06-12,0.007340776612986009,0.7367786163536574
2023-06-13,0.00871674555766269,0.8754847010647875
2023-06-14,0.003976092495066445,0.39840076378008116
2023-06-15,0.011869166280575088,1.1939884345875316
2023-06-16,-0.003104471159910074,-0.30996572721324583
2023-06-20,-0.004773204501730045,-0.4761830864550233
2023-06-21,-0.002007880536430244,-0.20058660927855823
2023-06-22,0.004909161913086513,0.49212315910161164
2023-06-23,-0.008938651073740375,-0.8898820098975796
2023-06-26,-0.0064700445442072915,-0.6449158874019862
2023-06-27,0.010309598772432576,1.036292578834988
2023-06-28,-0.0006423510783761634,-0.06421448150890635
2023-06-29,0.003499021516373903,0.35051502382517113
2023-06-30,0.016513137250026295,1.6650232686621542
2023-07-03,-0.0008975617461388954,-0.08971590580829719
2023-07-05,-0.002723510715687746,-0.2719805325032226
2023-07-06,-0.010019685029312006,-0.9969655219008561
2023-07-07,-0.0018162059972106261,-0.18145576931360682
2023-07-10,-0.0028936808970618753,-0.28894982378945167
2023-07-11,0.00543941430304124,0.5454234776401348
2023-07-12,0.01056996986849511,1.0626029341552217
2023-07-13,0.009889385774040927,0.9938447345766316
2023-07-14,-0.0020479597979740816,-0.204586415914583
2023-07-17,0.005282482604507607,0.5296459515833671
2023-07-18,0.007582029130602722,0.7610845496273585
2023-07-19,0.0019930534776371736,0.19950409288657361
2023-07-20,-0.0002481259737118027,-0.02480951930082708
2023-07-21,-0.0015916722101223454,-0.15904061717052478
2023-07-24,0.005218019297783942,0.5231656870534529
2023-07-25,0.006424375942651837,0.6445056508635343
2023-07-26,-0.007433350583896478,-0.7405791561015931
2023-07-27,-0.004775580257124629,-0.47641953041907853
2023-07-28,0.011838510386601133,1.1908862899570305
2023-07-31,0.0021370302399248376,0.2139315316517352
2023-08-01,0.003757606057457107,0.3764674710062811
2023-08-02,-0.0149019003668511,-1.4791416536765567
2023-08-03,-0.0010701463707654872,-0.10695739683410559
2023-08-04,-0.0017295152760592476,-0.17280205263691778
2023-08-07,0.006930609649177793,0.6954681903899241
2023-08-08,-0.0035865404581929237,-0.35801165041822647
2023-08-09,-0.00791699207513223,-0.7885735234485093
2023-08-10,-0.001334197093882045,-0.13333074486374027
2023-08-11,0.0003234059025097536,0.03234582038366767
2023-08-14,0.009360665357835278,0.9404613406430766
2023-08-15,-0.013589020950459068,-1.3497107016431724
2023-08-16,-0.007881526457780006,-0.7850548665648232
2023-08-17,-0.00290412577801234,-0.2899912883989915
2023-08-18,0.0005490398317696788,0.05491905817260949
2023-08-21,0.006586440633267036,0.660817893317521
2023-08-22,-0.005706695931436626,-0.5690443672472939
2023-08-23,0.00944864114143625,0.9493420474644063
2023-08-24,-0.011397594701841735,-1.1332888185544827
2023-08-25,0.006863814070984806,0.688742402999663
2023-08-28,0.003935735817657904,0.39434909966452464
2023-08-29,0.012839185710789012,1.2921961936065323
2023-08-30,0.004063526667897847,0.4071793986752056
2023-08-31,-0.0006764336157771562,-0.06762048861352594
2023-09-01,0.0031614603423160354,0.31664630286062817
2023-09-05,-0.0030728314906279834,-0.3068115175993232
2023-09-06,-0.010491620780182516,-1.0436775699060232
2023-09-07,-0.0035878250563671564,-0.358139650252323
2023-09-08,0.0032463155163904435,0.3251590505154523
2023-09-11,0.006995914384750778,0.7020442960365787
2023-09-12,-0.0029793922066944805,-0.29749582223530574
2023-09-13,0.0029502420469480696,0.2954598293956782
2023-09-14,0.009758608387197817,0.9806378870723301
2023-09-15,-0.01618312186180307,-1.6052878672147886
2023-09-18,0.003535459005592453,0.35417161125245566
2023-09-19,-0.0041172560583766235,-0.4108791780169673
2023-09-20,-0.011523609085224188,-1.1457466612508953
2023-09-21,-0.015410625534568182,-1.5292489473610766
2023-09-22,0.0003355581948874816,0.03356145008363578
2023-09-25,0.005231455097064349,0.5245163052039519
2023-09-26,-0.01636006796746014,-1.6226968880692885
2023-09-27,-0.003938951041692385,-0.3931203549706651
2023-09-28,-0.0009547709949652718,-0.09543153461638154
2023-09-29,-0.002120437491710627,-0.21181909522951792
2023-10-02,-0.00250586080294536,-0.2502723754646039
2023-10-03,-0.010923337630925487,-1.0863894614016216
2023-10-04,-0.001624686633968781,-0.1623367545104873
2023-10-05,-0.0038394181505922993,-0.38320570085722827
2023-10-06,0.012040870498617356,1.2113653610453625
2023-10-09,0.00471202833516289,0.47231473982654776
2023-10-10,0.00634589141820625,0.6366069246674042
2023-10-11,0.0034345175626449356,0.3440422276101144
2023-10-12,-0.0010088032621693665,-0.10082945912225003
2023-10-13,-0.00015977292521151252,-0.015976016219743427
2023-10-16,0.007235290972479481,0.7261528931792072
2023-10-17,-0.006289193398689808,-0.6269457817191173
2023-10-18,-0.013746660574373742,-1.3652606704694186
2023-10-19,-0.004488601163781062,-0.4478542449057898
2023-10-20,-0.012281428834844902,-1.2206319883912475
2023-10-23,0.0007115674671034964,0.07118206912920863
2023-10-24,0.010210760616501726,1.0263068314889618
2023-10-25,-0.007628701357687253,-0.7599676669275179
2023-10-26,-0.014847073942974893,-1.4737399592597726
2023-10-27,-0.00412544201362825,-0.41169440676684715
2023-10-30,0.01613541559695983,1.6266294395608543
2023-10-31,-0.0021857175448901866,-0.2183330603673643
2023-11-01,0.013783306850172584,1.3878734556433836
2023-11-02,0.018685574286197316,1.8861242074714544
2023-11-03,0.0043775982634433365,0.4387193943622929
2023-11-06,0.003799832636420089,0.38070611532706533
2023-11-07,0.0011738831359703568,0.1174572406460097
2023-11-08,-0.00033437792021938275,-0.03343220221531509
2023-11-09,-0.007644883072350115,-0.7615735278210385
2023-11-10,0.016162250713315004,1.6293566385788372
2023-11-13,-0.000808978558880655,-0.08086514239472864
2023-11-14,0.015850301014857515,1.5976583358160519
2023-11-15,-0.001927843930676838,-0.19259868331560748
2023-11-16,0.004190252350914092,0.4199043733377605
2023-11-17,0.004105674604230763,0.41141144326521506
2023-11-20,0.0057160450613247095,0.5732412818314253
2023-11-21,-0.003696830362513716,-0.36900054978616637
2023-11-22,0.000548324837562391,0.0548475195106471
2023-11-24,-0.0003052458157652106,-0.030519923300104133
2023-11-27,0.00025675166041706223,0.025678462394571222
2023-11-28,0.0021890096000572847,0.21914072307315283
2023-11-29,-0.0020806998648026723,-0.20785367093914697
2023-11-30,0.002602701983650357,0.2606091952846728
2023-12-01,0.005681089929161089,0.569725792332853
2023-12-04,-0.00833538006521682,-0.8300737105701408
2023-12-05,0.0014740694575633177,0.14751564319724902
2023-12-06,-0.006563022831177268,-0.6541533234773876
2023-12-07,0.00467385854262615,0.46847980560703
2023-12-08,0.005543860914891635,0.5559256549083065
2023-12-11,-0.003647386678267614,-0.36407430432336746
2023-12-12,0.004508225969965245,0.451840330883041
2023-12-13,0.013242324488169994,1.3330392378925728
2023-12-14,0.005623955856758817,0.5639799984798212
2023-12-15,0.001142688457154664,0.11433415743558595
2023-12-18,0.006924056460512829,0.6948083161513083
2023-12-19,0.005996524596280344,0.6014539741315875
2023-12-20,-0.01585710733641798,-1.5732045323059802
2023-12-21,0.005834146413144536,0.5851198190055533
2023-12-22,0.0005073424256818843,0.050747114561777384
2023-12-26,0.004484915984853991,0.44949882727084334
2023-12-27,0.001687333328220858,0.1688757676105014
2023-12-28,0.00011335456209883056,0.01133609869699654
2023-12-29,-0.0018150258043741626,-0.18133796411324313
2024-01-02,-0.003067325063652213,-0.30626256282557485
2024-01-03,-0.004822209949342063,-0.48106017614797036
2024-01-04,-0.0037738321336434908,-0.3766720178411582
2024-01-05,0.003795187672062644,0.38023985160787455
2024-01-08,0.015260854444377026,1.5377895909877513
2024-01-09,0.0005111999157219109,0.051133060066659006
2024-01-10,0.007114994371081313,0.7140366081028151
2024-01-11,-0.0009746743745943526,-0.09741995338103515
2024-01-12,0.002122425530405123,0.2124679469795273
2024-01-16,-0.005330987400814394,-0.531680290446468
2024-01-17,-0.009179512737306016,-0.9137509631195772
2024-01-18,0.008400641611176738,0.8436026015413146
2024-01-19,0.011340733165845749,1.1405283063822125
2024-01-22,0.001612061474155587,0.16133615437573293
2024-01-23,0.005931749413856024,0.5949377076467148
2024-01-24,0.004707979285577035,0.47190792326577147
2024-01-25,0.012231140840645381,1.2306247143334972
2024-01-26,-0.00044268918359576816,-0.04425912111967722
2024-01-29,0.00786421188756921,0.7895216022947695
2024-01-30,0.0005504043960011466,0.05505558962949162
2024-01-31,-0.015427620592167115,-1.5309224492263556
2024-02-01,0.012198686414226705,1.2273393857844044
2024-02-02,0.012365173448229027,1.2441938282628284
2024-02-05,0.0010784780417437793,0.10790598083090658
2024-02-06,0.002323733922048744,0.23264358841940105
2024-02-07,0.006756060888226131,0.677893455052604
2024-02-08,-0.0022465828652563566,-0.224406118671121
2024-02-09,0.005100561051148174,0.5113591056693229
2024-02-12,0.0012842511180331468,0.128507612163303
2024-02-13,-0.015164928385632197,-1.505051992134127
2024-02-14,0.00625925797575362,0.6278888066185101
2024-02-15,0.007299080492423759,0.7325783710549929
2024-02-16,-0.0029455292714959534,-0.2941195456322079
2024-02-20,-0.008828344488838135,-0.8789489082673675
2024-02-21,0.004243292781563324,0.42523082956899455
2024-02-22,0.025907631509263857,2.6246151287254835
2024-02-23,0.0003953226335549555,0.03954007838451094
2024-02-26,-0.0037586492129193204,-0.3751594332674303
2024-02-27,0.00042351299664777724,0.042360269093872784
2024-02-28,-0.0009373377773336548,-0.09368986135049127
2024-02-29,0.00697043166645218,0.6994781669058016
2024-03-01,0.006571451193298243,0.659309055338846
2024-03-04,-0.0015850471447165354,-0.15837916209334554
2024-03-05,-0.006764330370004218,-0.6741503785180197
2024-03-06,0.003989003468468187,0.39969701322982276
2024-03-07,0.010496380009063715,1.0551660250554304
2024-03-08,-0.002884863287114994,-0.2880706067653132
2024-03-11,-0.0017488085168640554,-0.17472802422660888
2024-03-12,0.013296440385249799,1.3385231145958696
2024-03-13,0.0035517388601337034,0.35580537586758354
2024-03-14,0.000572943049596844,0.05731072128164462
2024-03-15,-0.0029691030817088626,-0.29646996543086623
2024-03-18,0.004303736638238428,0.4313011012812897
2024-03-19,0.007899765801600516,0.7931051279848788
2024-03-20,0.008055251178327024,0.8087782003423425
2024-03-21,7.017271776881169e-06,0.0007017296397990355
2024-03-22,0.001196348765797627,0.11970646764468156
2024-03-25,-0.0016436644883081244,-0.1642314411625401
2024-03-26,-0.0056800763937577495,-0.5663975259486915
2024-03-27,0.011353242360405549,1.1417935008419433
2024-03-28,0.0009700017783702216,0.09704723822451403
2024-04-01,-0.002149760641290465,-0.21474515608361872
2024-04-02,-0.0014021558220277733,-0.14011732608414343
2024-04-03,-0.0020664514777287077,-0.2064317836815329
2024-04-04,-0.008070909443612884,-0.8038427100083403
2024-04-05,0.0133456295271102,1.3435079921851973
2024-04-08,-0.003268763300321674,-0.32634267098321795
2024-04-09,0.00046485098428307046,0.04649590442451429
2024-04-10,-0.0028116882091786684,-0.2807739115959189
2024-04-11,0.009866878356808283,0.9915716495559942
2024-04-12,-0.016591446063453148,-1.645456608000384
2024-04-15,-0.010139198406332196,-1.0087970018624346
2024-04-16,-0.006776405540911595,-0.6753497478864099
2024-04-17,-0.004213106986338939,-0.420424430194758
2024-04-18,-0.0011344722117903093,-0.11338289414710769
2024-04-19,-0.01070226354738274,-1.0645198082842078
2024-04-22,0.01355400922738193,1.3646281224318764
2024-04-23,0.012752320692404881,1.2833978272626654
2024-04-24,-0.002167379768716496,-0.21650326971569311
2024-04-25,-0.0073335378086975675,-0.7306713033856146
2024-04-26,0.007519312926693147,0.7547653950613583
2024-04-29,0.007859183097414972,0.7890147542153031
2024-04-30,-0.018206517943222818,-1.8041780575039765
2024-05-01,0.002987814908848529,0.2992282876525287
2024-05-02,0.01086806788708466,1.0927339866237888
2024-05-03,0.014743441425679082,1.4852662060769113
2024-05-06,0.00957241834721706,0.9618380482925317
2024-05-07,-0.0007474330547730655,-0.07471537962673945
2024-05-08,0.002653766936171459,0.26572912925644676
2024-05-09,0.008433767435586877,0.8469431843434534
2024-05-10,0.00069500380000936,0.06952453711114102
2024-05-13,0.0035024125404526712,0.35085531541490184
2024-05-14,0.006194300833364667,0.621352518808586
2024-05-15,0.010978518217711045,1.1039003291682978
2024-05-16,-0.0037567015931339273,-0.3749654017678762
2024-05-17,0.0021870942714071508,0.21894877066546015
2024-05-20,-0.0015796281110791574,-0.15783811552564117
2024-05-21,0.00433607568051343,0.43454900589011675
2024-05-22,-0.003855219801497202,-0.3847797982283075
2024-05-23,-0.004344432181440799,-0.433500878732252
2024-05-24,0.006027897317849949,0.6046101650455059
2024-05-28,0.005558285679202609,0.5573761608975287
2024-05-29,-0.0050188974206034145,-0.5006323798978056
2024-05-30,-0.004939827612646219,-0.49276467296328275
2024-05-31,0.006484873838325566,0.6505946158494613
2024-06-03,0.0007001556597400792,0.07004008259288386
2024-06-04,-0.000450295342376033,-0.04501939746440603
2024-06-05,0.007392955585000513,0.7420350950435459
2024-06-06,0.0016355270519222828,0.16368652557478086
2024-06-07,-0.00023268144172195132,-0.02326543734947558
2024-06-10,0.003197162778860136,0.32022791549534146
2024-06-11,0.00032370835618404734,0.03237607553878465
2024-06-12,0.004100990658808419,0.41094112279571293
2024-06-13,0.003965908264279873,0.39737828850267104
2024-06-14,-0.0010814345418240093,-0.10808500022226443
2024-06-17,0.003458552599548863,0.34645402935190006
2024-06-18,0.0018954608557313472,0.18972583771902593
2024-06-20,0.002710999931222995,0.2714678014546724
2024-06-21,-0.00292850754756927,-0.2924223652168195
2024-06-24,-0.0026721610725438955,-0.26685940280915776
2024-06-25,0.004413592720003778,0.44233469654954805
2024-06-26,0.006794611058609005,0.6817746798095423
2024-06-27,0.0016436822720132206,0.16450338581434962
2024-06-28,-0.006886838700045592,-0.6863178771599007
2024-07-01,0.00695782562308346,0.6982087529179827
2024-07-02,0.0043000263258035866,0.43092847046725513
2024-07-03,0.006819912491348745,0.6843221051863411
2024-07-05,0.002021082282343594,0.2023126045779023
2024-07-08,0.0013257007399893768,0.13265798696600775
2024-07-09,0.0010651249440716192,0.10656923910943036
2024-07-10,0.01156205182848854,1.1629150700588862
2024-07-11,-0.010772860620797338,-1.0715041171038286
2024-07-12,0.004483302233498645,0.4493367268867619
2024-07-15,0.0004071081210080922,0.040719100076581353
2024-07-16,0.007243290538162387,0.7269586618781582
2024-07-17,-0.008196164483922092,-0.8162667505851219
2024-07-18,-0.006106930627784155,-0.60883212283125
2024-07-19,-0.008193761398371718,-0.8160284033025338
2024-07-22,0.006564793495091935,0.6586388982683542
2024-07-23,-0.0031480533344753095,-0.3143103410147905
2024-07-24,-0.0126797102403737,-1.2599661403695317
2024-07-25,-0.0021105703749303723,-0.21083446873753708
2024-07-26,0.010277375243297894,1.033036885372662
2024-07-29,-0.00439432136658863,-0.4384680463364318
2024-07-30,-0.008622364446416335,-0.8585298470712479
2024-07-31,0.01534167010227197,1.545995765843989
2024-08-01,-0.01183909895420751,-1.1769292575299306
2024-08-02,-0.014747214909686699,-1.4639007309188643
2024-08-05,-0.031222329572327134,-3.0739946054491822
2024-08-06,0.00825988642768987,0.8294093406646106
2024-08-07,-0.0008347686025020232,-0.08344202801217657
2024-08-08,0.01882172532727153,1.8999970537331183
2024-08-09,0.00531408035463093,0.5328225124019546
2024-08-12,0.0023893474822511804,0.23922042477620376
2024-08-13,0.013011528750392413,1.3096547029697148
2024-08-14,0.005098580606747014,0.5111600487080397
2024-08-15,0.01395565283135464,1.4053487540295262
2024-08-16,0.00253027970858185,0.2533483567933906
2024-08-19,0.008224927260028358,0.8258844900515397
2024-08-20,-0.003672569353052461,-0.3665833718444005
2024-08-21,0.0020529285342607622,0.20550372348010904
2024-08-22,-0.008071996554410533,-0.8039505471634
2024-08-23,0.011593120395874427,1.166058105727248
2024-08-26,0.0011917130465095033,0.11924234186606744
2024-08-27,-0.0017461817788237807,-0.1744658090429442
2024-08-28,-0.006172633012920146,-0.6153621451008635
2024-08-29,0.0006400609375875528,0.06402658202996074
2024-08-30,0.010801308923717143,1.0859853657668264
2024-09-03,-0.023310476166744074,-2.3040885839633427
2024-09-04,-0.0051656320402860625,-0.5152313106537351
2024-09-05,-0.0005953991043804079,-0.05952218895065968
2024-09-06,-0.015392729205274486,-1.5274866666053095
2024-09-09,0.015203322300251542,1.531948072281979
2024-09-10,-0.0006750330843346393,-0.06748053007588659
2024-09-11,0.01208808288290535,1.2161439037234096
2024-09-12,0.006381268532024826,0.6401672203410149
2024-09-13,0.0028583911112514504,0.28624802062732924
2024-09-16,0.0002931351871126557,0.029317815543002352
2024-09-17,0.004460325493491149,0.4470287551077981
2024-09-18,-0.0035692158574509546,-0.3562853777994852
2024-09-19,0.015447006518788105,1.5566928205343387
2024-09-20,-0.0019644905266461973,-0.19625621780790797
2024-09-23,0.003701524257029601,0.37083833583744696
2024-09-24,0.005468161350439364,0.548313903239913
2024-09-25,-0.004275281574553143,-0.42661555683298674
2024-09-26,0.00102905404612583,0.10295837039073341
2024-09-27,-0.0003870864651904001,-0.038701155689027475
2024-09-30,0.004106447015234014,0.4114890021742195
2024-10-01,-0.009310081172780758,-0.9266876550531915
2024-10-02,0.0015266903597174095,0.15278563447351673
2024-10-03,-0.001504872766178813,-0.15037410129436812
2024-10-04,0.009352643010474853,0.9396515644476378
2024-10-07,-0.009854757414113171,-0.9806358409562831
2024-10-08,0.0044524048380727085,0.44623315195607605
2024-10-09,0.008391662507508352,0.8426971204444723
2024-10-10,0.00246851734246933,0.24715666399693928
2024-10-11,0.00906858597912309,0.910983018622338
2024-10-14,0.0045278502994255156,0.4538116502354318
2024-10-15,-0.005561858052321989,-0.5546419555328987
2024-10-16,0.003971536228751012,0.39794332297066976
2024-10-17,0.0013663621151948238,0.13672960132089296
2024-10-18,0.004396754239183586,0.4406434144625755
2024-10-21,0.0009280345920321733,0.09284653493764437
2024-10-22,0.0031092496716278737,0.31140884020287746
2024-10-23,-0.007668811156166367,-0.7639480847980453
2024-10-24,-0.0014702895533011435,-0.14692092071546217
2024-10-25,-0.002365663228475892,-0.23628672524344252
2024-10-28,0.004594019157673115,0.4604587841731536
2024-10-29,-0.00514572725685601,-0.5132510681703012
2024-10-30,-0.0045230295158738025,-0.45128160223196306
2024-10-31,-0.020476421625883968,-2.026820331498033
2024-11-01,0.005427750939304807,0.5442507866328558
2024-11-04,-0.000842314113308227,-0.08419594663571875
2024-11-05,0.009751067394759907,0.9798763957168524
2024-11-06,0.022811732344267224,2.30739096881821
2024-11-07,0.0021666781557278,0.21690270990047306
2024-11-08,-0.001799352494828655,-0.1797734630643137
2024-11-11,-0.006139657323431992,-0.6120848141072401
2024-11-12,0.0002798947265311637,0.027993390071493093
2024-11-13,0.003164573594279757,0.3169586143428764
2024-11-14,0.0021327226285732474,0.21349984991244114
2024-11-15,-0.009251329311649785,-0.9208667425714692
2024-11-18,0.002064597179853461,0.20667299281137766
2024-11-19,0.0038056933046359655,0.3812944150647958
2024-11-20,-0.0017017657433013025,-0.17003185610169155
2024-11-21,0.005397641241187672,0.5412234751702026
2024-11-22,0.001944980492279452,0.19468731937273423
2024-11-25,0.002624539198015651,0.2627986316055733
2024-11-26,0.008034362044194518,0.8066724142468821
2024-11-27,-0.003264242358416794,-0.3258920511503743
2024-11-29,0.005133393364266434,0.5146591802576665
2024-12-02,0.0010187567859786836,0.10192758949401312
2024-12-03,-0.0019965630203907236,-0.19945712142528765
2024-12-04,0.0020689965908392716,0.20711384411913608
2024-12-05,0.003058116799551492,0.3062797609002452
2024-12-06,-0.0013457665423981593,-0.13448614046850554
2024-12-09,-0.003462197332401519,-0.34562108380184137
2024-12-10,-0.0065741406706208115,-0.6552578285102539
2024-12-11,0.0032137726172237887,0.3218942321042091
2024-12-12,-0.004909685409271982,-0.489765260434623
2024-12-13,-0.004266472670307161,-0.4257384205606795
2024-12-16,-0.0022219180040174164,-0.221945137143246
2024-12-17,-0.000989591024241741,-0.09891015405203243
2024-12-18,-0.024597349100504852,-2.429729948529074
2024-12-19,0.0011279925165248355,0.11286289393544047
2024-12-20,0.011758061209299937,1.1827458938530997
2024-12-23,0.005747534528788566,0.5764083295045648
2024-12-24,0.008203775107454675,0.8237518281147046
2024-12-26,-0.0008534517177082563,-0.08530876313750949
2024-12-27,-0.009632108176438245,-0.9585868005012775
2024-12-30,-0.008738847459932031,-0.8700774717149218
2024-12-31,-0.002106197679568444,-0.2103981201622388
2025-01-02,-0.002969398598545541,-0.29649942949831415
2025-01-03,0.010210485945991738,1.0262790825455532
2025-01-06,0.002756152039433214,0.2759953718331459
2025-01-07,-0.008941584010093612,-0.8901726931393286
2025-01-08,-0.0033725349241757125,-0.3366854316079071
2025-01-10,-0.019212595498529862,-1.9029209901322168
2025-01-13,0.004619823370393593,0.46305112066807447
2025-01-14,0.0034113343096373867,0.3417159532567592
2025-01-15,0.01724915737142787,1.7398783154617232
2025-01-16,-0.001934413089968224,-0.19325433187978378
2025-01-17,0.010816583304753845,1.0875294034168532
2025-01-21,0.0053623058280797085,0.5376708722710425
2025-01-22,0.006673379214344393,0.6695695824194563
2025-01-23,0.0065962746742725675,0.6618078007957218
2025-01-24,-0.0024932152151696616,-0.24901097355275836
2025-01-27,-0.010139531177195137,-1.008829943244999
2025-01-28,0.0077451140577793525,0.7775185037920576
2025-01-29,-0.0034280263284557654,-0.34221573544492967
2025-01-30,-0.009417752913680572,-0.9373544768021439
2025-01-31,-0.007922771082484459,-0.7891468653548672
2025-02-03,-0.00996274476644655,-0.9913281025966499
2025-02-04,0.009130296582357172,0.9172104884058436
2025-02-05,0.003232829995660662,0.32380612262584707
2025-02-06,0.007198543510140671,0.722451530677488
2025-02-07,-0.01018220792190078,-1.0130544739923724
2025-02-10,0.007561059103312092,0.758971609088807
2025-02-11,0.006405820628299559,0.6426381777491819
2025-02-12,-0.008584785381170943,-0.8548041332918649
2025-02-13,0.009227870645276045,0.9270578710683914
2025-02-14,-0.002856715719246152,-0.2852639189648516
2025-02-18,0.004875238918543657,0.4887142231770697
2025-02-19,0.004278997672258017,0.4288165654725269
2025-02-20,-0.0011969532680567254,-0.11962372052201822
2025-02-21,-0.009104298226083262,-0.9062979590458564
2025-02-24,-0.006135026652879692,-0.6116245803495396
2025-02-25,-0.0035858904977292324,-0.3579468870442288
2025-02-26,-0.0008957739055262754,-0.08953728198509978
2025-02-27,-0.016290141366807894,-1.6158174571565296
2025-02-28,0.016769122439420584,1.6910513401566314
2025-03-03,-0.02114491328773236,-2.0922926988871633
2025-03-04,-0.008882060775942746,-0.8842731801045843
2025-03-05,0.008866189331471378,0.8905610406877805
2025-03-06,-0.010475557161181237,-1.0420879604773325
2025-03-07,0.008286112036748151,0.8320536880102144
2025-03-10,-0.016337160446476626,-1.6204432821217862
2025-03-11,-0.010909683319612014,-1.0850388549494085
2025-03-12,-0.0003867142563882193,-0.0386639492067959
2025-03-13,-0.011124483686816934,-1.1062835431603268
2025-03-14,0.020676181536295,2.0891414617740787
2025-03-17,-9.804895664084672e-05,-0.009804414999899423
2025-03-18,-0.010384390371629842,-1.033065874084903
2025-03-19,0.009228182655246128,0.9270893613216107
2025-03-20,-0.0004312212593287686,-0.04311282968044725
2025-03-21,0.0038444389436319043,0.3851838278085514
2025-03-24,0.011295214904440187,1.1359246701516195
2025-03-25,0.00038511887388414045,0.03851930416784849
2025-03-26,-0.006164149122172485,-0.6145189731146222
2025-03-27,-0.00012900157844869298,-0.012899325810285495
2025-03-28,-0.017284114911308053,-1.7135601469301427
2025-03-31,0.0038639224696417297,0.38713970420228405
2025-04-01,-0.002811575120860806,-0.28076263451574435
2025-04-02,0.004569836238449299,0.45802938638827206
2025-04-03,-0.04658632461364784,-4.551783829034673
2025-04-04,-0.060771303957821356,-5.896157306737618
2025-04-07,-0.007078845837079109,-0.7053849823638446
2025-04-08,-0.016906558862838664,-1.6764445009036666
2025-04-09,0.08533841769536327,8.908557016954418
2025-04-10,-0.03376165554443719,-3.319809094674121
2025-04-11,0.0232201579742412,2.3491844636118935
2025-04-14,0.006918113505608118,0.694209893224549
2025-04-15,-0.00418838280157351,-0.41796237593349034
2025-04-16,-0.024171101373767497,-2.3881319778320793
2025-04-17,0.006749015400390809,0.6771841326777445
2025-04-21,-0.022625462275239025,-2.237142600653671
2025-04-22,0.023708269041182565,2.3991544276951253
2025-04-23,0.014169320122344524,1.427018075119811
2025-04-24,0.014258270539020406,1.4360404519059233
2025-04-25,0.007116966798345183,0.714235259410388
2025-04-28,-0.0013003722123436992,-0.12995270947605478
2025-04-29,0.003874050638584434,0.38815644726174714
2025-04-30,-0.0026069642019856953,-0.26035690218223745
2025-05-01,0.013591449123971616,1.3684232746712428
2025-05-02,0.008649169831461707,0.8686681972479287
2025-05-05,-0.011923246862481226,-1.185244662355227
2025-05-06,-0.0021159876794450243,-0.21137505557021988
2025-05-07,0.006280495798463675,0.6300259465746915
2025-05-08,0.0079540825128652,0.7985800266614859
2025-05-09,0.002868957160856109,0.2873076556966488
2025-05-12,0.033313865849466794,3.3874986373045126
2025-05-13,0.009695412050882703,0.9742564823619269
2025-05-14,0.001852024933998596,0.18537409914068528
2025-05-15,0.005926202582803191,0.5943797260699965
2025-05-16,0.0035564688151193038,0.3562800554321606
2025-05-19,-0.002316542842265916,-0.2313861727601152
2025-05-20,-0.0032866860437362785,-0.32812908035999483
2025-05-21,-0.016058005741557545,-1.5929763324103847
2025-05-22,-0.004086213594141928,-0.40778763831142895
2025-05-23,-0.005892259079444436,-0.5874933766028666
2025-05-27,0.018126011210208796,1.8291284422593894
2025-05-28,-0.006192467682600393,-0.6173333870144757
2025-05-29,0.00871498454513452,0.8753070582288593
2025-05-30,-0.00015240776871660818,-0.015239615524262763
2025-06-02,0.002566294563227816,0.25695903158080546
2025-06-03,0.005823456488050312,0.5840445773562313
2025-06-04,-0.0035313691390132743,-0.352514118823656
2025-06-05,-0.002386103582405738,-0.23832591001123402
2025-06-06,0.01377717868109584,1.3872521355162952
2025-06-09,0.0026429496052976734,0.26464452755541257
2025-06-10,0.006362417438478103,0.6382700610160065
2025-06-11,-0.002778470694411269,-0.27746143171486365
2025-06-12,0.0056365639684389165,0.5652479283637215
2025-06-13,-0.005680792604111182,-0.5664687412987599
2025-06-16,0.0077606619634414415,0.7790853953235233
2025-06-17,-0.008402554568837307,-0.8367351773998449
2025-06-18,0.0007451711039053535,0.0745448812868349
2025-06-20,0.0013045947508560213,0.1305446104771699
2025-06-23,0.0032741227441799112,0.3279488538543533
2025-06-24,0.005474101026013804,0.5489111293777181
2025-06-25,0.003904882415334203,0.3912516402045537
2025-06-26,0.009720331951824939,0.9767727821840242
2025-06-27,0.0046192236144075,0.46299086736985245
2025-06-30,-0.00027047892144844467,-0.027044234532273538
2025-07-01,0.007047789726471592,0.7072683844959357
2025-07-02,0.008318681599920375,0.8353377974333056
2025-07-03,0.009160470196710624,0.9202555713370947
2025-07-07,-0.006494619501729281,-0.6473575043722074
2025-07-08,-0.004438924631084057,-0.44290871664479875
2025-07-09,0.00850201537283419,0.8538260150603096
2025-07-10,0.007488763786501694,0.7516874706225596
2025-07-11,-0.0006787642312571128,-0.06785339229275951
2025-07-14,-0.0037250213714240155,-0.3718092085897607
2025-07-15,0.0012566235734681808,0.12574134556977717
2025-07-16,0.007195354810778147,0.7221303575725628
2025-07-17,0.005081074832889334,0.5094005384708931
2025-07-18,-0.0015180789942296565,-0.15169272951770615
2025-07-21,0.0018149987808943136,0.1816646888135018
2025-07-22,0.004199479715771636,0.4208309887094755
2025-07-23,0.00353078237788694,0.3537022932505483
2025-07-24,0.005140393879142608,0.5153628370875087
2025-07-25,0.00030738300411441806,0.030743025111087778
2025-07-28,0.0004127225871840399,0.04128077688694246
2025-07-29,-0.001234536302140394,-0.12337745756916393
2025-07-30,-0.0022537682290150246,-0.225123040031722
2025-07-31,0.001263016259155728,0.12638142000932723
2025-08-01,-0.021332748309308137,-2.1106814681190036
2025-08-04,0.008317772108980178,0.8352460886488314
2025-08-05,-0.002608076478362756,-0.26046784016941466
2025-08-06,0.008427465591015816,0.8463076645845145
2025-08-07,0.002822246258380832,0.2826232544563919
2025-08-08,0.008288802802041202,0.8323250037657284
2025-08-11,-0.003236338284137957,-0.3231106986331396
2025-08-12,0.004819066982071041,0.4830697360378811
2025-08-13,0.0028670185761877813,0.28711324044804487
2025-08-14,0.004202311155408549,0.4211153246332485
2025-08-15,-0.000379995659700707,-0.03799234704941626
2025-08-18,0.002519975468725911,0.2523153275678608
2025-08-19,-0.0026161460132037148,-0.261272688551819
2025-08-20,-0.001940765790371932,-0.19388837221934613
2025-08-21,-0.002516165939899642,-0.25130030477244186
2025-08-22,0.014640142403964334,1.4747834187995197
2025-08-25,-0.0041257251546936435,-0.4117226043018017
2025-08-26,0.001852455484007459,0.18541723396367749
2025-08-27,0.00319204855321786,0.31971485652524784
2025-08-28,0.0007636447528080576,0.07639364036968023
2025-08-29,-0.0060958746546667195,-0.60773325067655
2025-09-02,-0.004372430320933759,-0.4362885164389581
2025-09-03,0.000953836011727999,0.0954291057964962
2025-09-04,0.00919992975065973,0.9242379181766677
2025-09-05,-0.01241030625809473,-1.2333615985135356
2025-09-08,0.00011063959907428833,0.011064571986046167
2025-09-09,0.0020468878947544353,0.20489841998377756
2025-09-10,-0.0002386893815326161,-0.02386608974885126
2025-09-11,0.007300305970552108,0.7327018167022387
2025-09-12,0.00396430218209688,0.3972170421916701
2025-09-15,0.00459988487784919,0.46104805884140015
2025-09-16,0.00014333134762004604,0.014334162004843248
2025-09-17,0.002578044501114389,0.25813705154294037
2025-09-18,0.0019301203200790644,0.1931984201282814
2025-09-19,0.006536414745954021,0.6557823725390016
2025-09-22,0.004595522525304017,0.4606098132886014
2025-09-23,-0.0053222412506484735,-0.5308103217811038
2025-09-24,0.0003022468555086129,0.030229253669166074
2025-09-25,0.0019245267059025259,0.19263797960065132
2025-09-26,0.006623860203745033,0.6645846483617913
2025-09-29,0.0038198583575416068,0.3827163314816589
2025-09-30,0.003318514833816579,0.332402720010418
2025-10-01,0.0034975681669685123,0.35036917956981195
2025-10-02,0.0005009733989710894,0.05010989071021977
2025-10-03,0.006136382543114911,0.61552487087341
2025-10-06,0.0027220889089359652,0.27257971569135425
2025-10-07,-0.00031936909310336563,-0.03193181002232119
2025-10-08,0.006167858088949069,0.6186918492790366
2025-10-09,2.7746725787433993e-05,0.0027747110731390252
2025-10-10,-0.023195739046369755,-2.292878593326398
2025-10-13,0.0121422042868952,1.2216220117780305
2025-10-14,-0.002863668062549089,-0.2859571676325945
2025-10-15,0.0021218939243232192,0.21241467343624446
2025-10-16,-0.0017145540061727753,-0.1713084998137214
2025-10-17,0.002813521173249555,0.2817482838484111
2025-10-20,0.010456494369662013,1.0511354555251318
2025-10-21,-0.002596235490918054,-0.25928681862915287
2025-10-22,-0.004984216065374821,-0.49718154714492
2025-10-23,0.005546891099326742,0.5562303583707374
2025-10-24,0.008493062436131923,0.8529230811817765
2025-10-27,0.01196770212362629,1.2039601608278045
2025-10-28,0.003141241961317125,0.3146180831888722
2025-10-29,0.011293222908641157,1.1357232080152015
2025-10-30,-0.0070350995535454946,-0.701041116968631
2025-10-31,0.006153508147945155,0.6172479873467999
2025-11-03,0.0007240141843150526,0.07242763458503365
2025-11-04,-0.00977481988458786,-0.9727201612345163
2025-11-05,-6.850622073995786e-05,-0.006850387424240135
2025-11-06,-0.007224679685528182,-0.719864442378785
2025-11-07,0.0036591005471064363,0.3665803228281356
2025-11-10,0.01378892095955098,1.3884426598523925
2025-11-11,0.00654994579235684,0.6571443598155323
2025-11-12,-0.0008538303462229061,-0.08534659368148234
2025-11-13,-0.01587553492543639,-1.57501828412967
2025-11-14,0.0014461666895365338,0.14472128928508396
2025-11-17,-0.005787531956632034,-0.5770816456268312
2025-11-18,-0.010813289673374625,-1.0755036216166363
2025-11-19,0.0035134946099576172,0.35196741673056875
2025-11-20,-0.010713159475058397,-1.065597796248083
2025-11-21,0.003833213614702057,0.384056977425046
2025-11-24,0.006862878330460606,0.688648184507148
2025-11-25,0.004010664177208603,0.40187176537770386
2025-11-26,0.007334955188331591,0.7361921864939437
2025-11-28,0.00549290934862732,0.5508023035215281
2025-12-01,-0.0022370669601455406,-0.2234566590698944
2025-12-02,0.0030295106204821193,0.3034104225402214
2025-12-03,-0.0001534401332939024,-0.015342836195872256
2025-12-04,-0.001862833632964966,-0.18610996352764422
2025-12-05,-0.002553090606897218,-0.25498342429272997
2025-12-08,-0.005266200446128896,-0.5252358321686434
2025-12-09,-0.003984249963795285,-0.39763233705788426
2025-12-10,0.01073015189757474,1.0787926435729196
2025-12-11,0.004705041182061067,0.4716127268335051
2025-12-12,-0.008064764624040375,-0.803233165646739
2025-12-15,-0.0026600012929606535,-0.26564666242903856
2025-12-16,-0.005326507993969929,-0.531234730376432
2025-12-17,-0.0067454949299119785,-0.6722795148086481
2025-12-18,0.0038650479787133906,0.38725269090228304
2025-12-19,0.005450699252469431,0.5465581340615742
2025-12-22,0.00441049209539492,0.44202326305763623
2025-12-23,0.006921099447711701,0.6945105607543439
2025-12-24,0.0041852452850508915,0.41940156552138386
2025-12-26,0.00026750712564071354,0.026754290886253227
2025-12-29,-0.0024566107332333704,-0.2453595734484157
2025-12-30,-0.0006590563828015019,-0.065883925284656
2025-12-31,-0.005096163349735405,-0.508319993985871
2026-01-02,0.003019490691258083,0.3024053945020215
2026-01-05,0.006178087297808466,0.6197211041573447
2026-01-06,-0.00012998420175792686,-0.01299757541775948
2026-01-07,-0.009394129409880228,-0.9350142423769948
2026-01-08,0.006619654965103711,0.6641613306506922
2026-01-09,0.003329833273482339,0.3335383326837948
2026-01-12,0.0042026928178121,0.42115365160480456
2026-01-13,-0.0008515426307588655,-0.08511801712234149
2026-01-14,-0.001253823058584126,-0.12530373508668
2026-01-15,0.0016453643908498376,0.1646718745539643
2026-01-16,0.002031486521921469,0.2033551388678763
2026-01-20,-0.01739202057062306,-1.7241652378392596
2026-01-21,0.004844684021749119,0.4856438477927051
2026-01-22,0.009048673727676412,0.9089736737600961
2026-01-23,0.0045059839616630425,0.4516151172755132
2026-01-26,0.00684582947521,0.6869315729520437
2026-01-27,0.01145090865890662,1.1516721278335438
2026-01-28,0.002842441445974913,0.28464850129549335
2026-01-29,-0.0028826105149440855,-0.2878459782526502
2026-01-30,-0.0018357834945029686,-0.18340994746398753
2026-02-02,0.005408410998901827,0.5423062856181075
2026-02-03,0.003595324730653034,0.3601795663323164
2026-02-04,0.002586715025565857,0.25900634594031813
2026-02-05,-0.015555502119201706,-1.5435140200974211
2026-02-06,0.01856935291108442,1.8742835500932082
2026-02-09,0.005661767813118151,0.5677825911941266
2026-02-10,-0.0009863248573406794,-0.09858385988613232
2026-02-11,0.003696063766351926,0.3702902633067775
2026-02-12,-0.01573035314680948,-1.5607277328841163
2026-02-13,-0.004187064092135351,-0.417831056074018
2026-02-17,0.0023419480407230794,0.23446925431116006
2026-02-18,0.004343190293036937,0.4352635613321563
2026-02-19,0.0012912632302354652,0.12920972695498115
2026-02-20,0.003236613787365862,0.32418572772946075
2026-02-23,-0.0015720943029107945,-0.1570859209974478
2026-02-24,0.008728436408803174,0.8766640282338077
2026-02-25,0.0065411454820254915,0.6562585496058067
2026-02-26,-0.011344051696876942,-1.12799505602613
2026-02-27,-0.004427430516586953,-0.44176438946208796
2026-03-02,0.0026612248137775052,0.2664769015807675
2026-03-03,-0.007292638473154267,-0.7266111707742966
2026-03-04,0.0034699319108637975,0.3475959093885417
2026-03-05,-0.008963481931579087,-0.8923429685937855
2026-03-06,-0.011877312659404242,-1.1807055810678024
2026-03-09,0.009513634817849143,0.9559033295541465
2026-03-10,0.0009608693885924443,0.09613311714759132
2026-03-11,-0.0013945080082438173,-0.13935361337660307
2026-03-12,-0.009517090503986041,-0.9471946325409316
2026-03-13,-0.005269796785847678,-0.5255935765707511
2026-03-16,0.01019990217305729,1.0252098490056036
2026-03-17,0.00021846816234193426,0.021849202824886144
2026-03-18,-0.013860217072616914,-1.3764606501455368
2026-03-19,-0.0028391376512383283,-0.28351111114719457
2026-03-20,-0.012081834332729325,-1.20091420189825
2026-03-23,0.011293795312339875,1.1357810984938064
